[{"geneId":1,"geneLen":825,"count": 1065,"dupli":"yes","dup_detail": "p8.A2#2@p6.H4#2","ann":"50S_ribosomal_protein_L2","msa":"GC00004937","divers":"0.025","event":"0","allAnn":"50S_ribosomal_protein_L2#1067", "GName":"rplB", "allGName":"rplB#1063@rplB_2#2@rplB_1#2", "locus":" "},
{"geneId":9,"geneLen":2801,"count": 1065,"dupli":"yes","dup_detail": "p7.A9#2@p2.E10#2@p5.F2#2@p2.G9#2@p6.B5#2@p6.B4#2@p4.B5#2@p4.B4#2@p8.C5#2@p7.F2#2@p11.C7#2@p4.H11#2@p4.H10#2@p11.C5#2@p1.E6#2@p9.D4#2@p11.E3#2@p11.E4#2@p2.B5#2@p6.C4#2@p6.C5#2@p4.C6#2@p4.C4#2@p4.C5#2@p11.G12#2@p6.E11#2@p5.G10#2@p8.D12#2@p8.D11#2@p8.D10#2@p13.F1#2@p13.F5#2@p12.A9#2@p9.C4#2@p11.F9#2@p11.F7#2@p11.F1#2@p2.C4#2@p2.C6#2@p2.C9#2@p5.C4#2@p11.H3#2@p8.H9#2@p8.H3#2@p8.A8#2@p8.A2#2@p1.C5#2@p9.D10#2@p13.G9#2@p11.G3#2@p11.G2#2@p2.D4#2@p3.C5#2@p4.H6#2@p4.H3#2@p4.H2#2@p6.F1#2@p2.D10#2@p4.A7#2@p4.A8#2@p4.F8#2@p3.G11#2@p11.E11#2@p9.H10#2@p12.H9#2@p12.H7#2@p13.D4#2@p13.D5#2@p3.E1#2@p11.C6#2@p2.E4#2@p7.E2#2@p11.A4#2@p11.A6#2@p2.H10#2@p6.G6#2@p6.G7#2@p8.G10#2@p8.G11#2@p6.G3#2@p8.H12#2@p4.G6#2@p4.G2#2@p4.G3#2@p11.F11#2@p8.G8#2@p8.G9#2@p6.D10#2@p8.G2#2@p13.C10#2@p13.E1#2@p13.D11#2@p3.D5#2@p12.C11#2@p2.F6#2@p2.F1#2@p2.H2#2@p2.H9#2@p9.G9#2@p11.B4#2@p11.B5#2@p11.B7#2@p2.G10#2@p4.D4#2@p8.E11#2@p8.D4#2@p8.D3#2@p7.G10#2@p6.E9#2@p11.H11#2@p1.G10#2@p1.G12#2@p13.H8#2@p2.G1#2@p2.G2#2@p13.C4#2@p4.G11#2@p4.G12#2@p6.H2#3@p6.H5#2@p6.H4#3@p6.G10#2@p6.G11#2@p12.F12#2@p4.E3#2@p8.E3#2@p11.D11#2@p8.B4#2@p1.H8#2@p1.F6#2@p1.F2#2@p1.F1#2@p4.D11#2@p11.D3#2@p11.D4#2@p2.A3#2","ann":"UvrABC_system_protein_A","msa":"GC00001052_4","divers":"0.134","event":"0","allAnn":"UvrABC_system_protein_A#1203", "GName":"uvrA", "allGName":"uvrA#922@uvrA_2#138@uvrA_1#136@uvrA_3#6@uvrA_4#1", "locus":" "},
{"geneId":5313,"geneLen":325,"count": 186,"dupli":"no","dup_detail": "","ann":"hypothetical_protein","msa":"GC00005534_2","divers":"0.066","event":"8","allAnn":"hypothetical_protein#186", "GName":"None", "allGName":"None#186", "locus":" "}
]
