{
 "p2.E10": "0", 
 "p2.E11": "0", 
 "p2.E12": "0", 
 "p12.E12": "0", 
 "p12.E10": "0", 
 "p12.E11": "0", 
 "p7.F1": "3", 
 "p7.F2": "0", 
 "p7.F3": "0", 
 "p7.F4": "0", 
 "p7.F5": "0", 
 "p7.F6": "3", 
 "p7.F7": "3", 
 "p7.F8": "0", 
 "p7.F9": "0", 
 "NODE_0000560": "0", 
 "p6.B7": "0", 
 "p6.B6": "0", 
 "p6.B5": "0", 
 "p6.B4": "0", 
 "p6.B3": "0", 
 "p6.B2": "0", 
 "p6.B1": "0", 
 "p6.B9": "0", 
 "p6.B8": "3", 
 "NODE_0000167": "0", 
 "NODE_0000164": "0", 
 "p12.E3": "3", 
 "NODE_0000162": "0", 
 "NODE_0000163": "0", 
 "NODE_0000160": "0", 
 "NODE_0000161": "0", 
 "p3.F12": "0", 
 "p3.F10": "0", 
 "p3.F11": "0", 
 "p8.A5": "0", 
 "p9.B10": "0", 
 "p9.B11": "3", 
 "p9.B12": "3", 
 "NODE_0000940": "0", 
 "NODE_0000941": "0", 
 "NODE_0000942": "0", 
 "NODE_0000943": "0", 
 "NODE_0000944": "0", 
 "NODE_0000945": "0", 
 "NODE_0000946": "0", 
 "NODE_0000947": "0", 
 "NODE_0000948": "0", 
 "NODE_0000949": "0", 
 "p7.D10": "0", 
 "p3.A2": "0", 
 "p4.H12": "0", 
 "p4.H11": "0", 
 "p4.H10": "0", 
 "p3.A5": "0", 
 "NODE_0000724": "3", 
 "NODE_0000725": "3", 
 "NODE_0000726": "3", 
 "NODE_0000727": "3", 
 "NODE_0000052": "0", 
 "NODE_0000053": "0", 
 "NODE_0000722": "3", 
 "NODE_0000723": "3", 
 "NODE_0000728": "3", 
 "NODE_0000729": "3", 
 "NODE_0000058": "0", 
 "NODE_0000059": "0", 
 "p3.A4": "0", 
 "NODE_0000618": "0", 
 "NODE_0000619": "0", 
 "NODE_0000610": "0", 
 "NODE_0000611": "0", 
 "NODE_0000612": "0", 
 "NODE_0000613": "0", 
 "NODE_0000614": "0", 
 "NODE_0000615": "0", 
 "NODE_0000616": "0", 
 "NODE_0000617": "0", 
 "NODE_0000487": "0", 
 "p13.D11": "0", 
 "NODE_0000122": "0", 
 "NODE_0000123": "0", 
 "NODE_0000120": "0", 
 "NODE_0000121": "0", 
 "NODE_0000126": "0", 
 "NODE_0000127": "0", 
 "NODE_0000124": "0", 
 "NODE_0000125": "0", 
 "NODE_0000438": "0", 
 "NODE_0000439": "0", 
 "NODE_0000128": "0", 
 "NODE_0000129": "0", 
 "p13.A4": "0", 
 "p13.A3": "0", 
 "p13.A2": "0", 
 "p13.A1": "0", 
 "p13.A8": "0", 
 "p9.D4": "0", 
 "p9.D5": "0", 
 "p9.D6": "0", 
 "p9.D7": "0", 
 "p9.D1": "0", 
 "p9.D2": "0", 
 "p9.D3": "0", 
 "p9.D8": "0", 
 "p9.D9": "0", 
 "p11.E1": "0", 
 "p11.E3": "0", 
 "p11.E2": "0", 
 "NODE_0000548": "0", 
 "p11.E4": "0", 
 "p11.E7": "0", 
 "p11.E6": "0", 
 "NODE_0000544": "0", 
 "NODE_0000545": "0", 
 "NODE_0000546": "0", 
 "NODE_0000547": "0", 
 "NODE_0000540": "0", 
 "NODE_0000541": "0", 
 "NODE_0000542": "0", 
 "NODE_0000543": "0", 
 "p3.D11": "0", 
 "p2.B9": "0", 
 "p2.B8": "0", 
 "p2.B3": "0", 
 "p2.B2": "0", 
 "p2.B1": "0", 
 "p2.B7": "0", 
 "p2.B6": "0", 
 "p2.B5": "0", 
 "p2.B4": "0", 
 "p2.F12": "3", 
 "p2.F11": "0", 
 "p2.F10": "0", 
 "p3.A11": "3", 
 "p3.A10": "0", 
 "p3.A12": "3", 
 "p4.B9": "0", 
 "p6.C1": "0", 
 "p6.C2": "0", 
 "p6.C3": "0", 
 "p6.C4": "0", 
 "p6.C5": "0", 
 "p6.C6": "0", 
 "p6.C7": "0", 
 "p6.C8": "0", 
 "p6.C9": "0", 
 "p5.G11": "3", 
 "p5.G10": "0", 
 "p5.G12": "3", 
 "p9.A11": "3", 
 "p9.A10": "0", 
 "p8.D12": "0", 
 "p8.D11": "0", 
 "p8.D10": "0", 
 "p13.E6": "3", 
 "NODE_0000550": "0", 
 "NODE_0000953": "0", 
 "NODE_0000952": "0", 
 "NODE_0000951": "0", 
 "NODE_0000950": "0", 
 "NODE_0000957": "0", 
 "NODE_0000956": "0", 
 "NODE_0000955": "0", 
 "NODE_0000954": "0", 
 "NODE_0000959": "0", 
 "NODE_0000958": "0", 
 "p4.C10": "0", 
 "p4.C11": "0", 
 "p4.C12": "0", 
 "p1.C11": "0", 
 "p1.C10": "0", 
 "p1.C12": "3", 
 "NODE_0000041": "0", 
 "NODE_0000040": "0", 
 "NODE_0000043": "0", 
 "NODE_0000042": "0", 
 "NODE_0000045": "0", 
 "NODE_0000044": "0", 
 "NODE_0000047": "0", 
 "NODE_0000046": "0", 
 "NODE_0000049": "0", 
 "NODE_0000048": "0", 
 "p3.F7": "3", 
 "NODE_0000739": "3", 
 "NODE_0000738": "3", 
 "NODE_0000609": "0", 
 "NODE_0000608": "0", 
 "NODE_0000603": "0", 
 "NODE_0000602": "0", 
 "NODE_0000601": "0", 
 "NODE_0000600": "0", 
 "NODE_0000607": "0", 
 "NODE_0000606": "0", 
 "NODE_0000605": "0", 
 "NODE_0000604": "0", 
 "NODE_0000139": "0", 
 "NODE_0000138": "0", 
 "NODE_0000135": "0", 
 "NODE_0000134": "0", 
 "NODE_0000137": "0", 
 "NODE_0000136": "0", 
 "NODE_0000131": "0", 
 "NODE_0000130": "0", 
 "NODE_0000133": "0", 
 "NODE_0000132": "0", 
 "NODE_0000423": "0", 
 "NODE_0000422": "0", 
 "NODE_0000421": "0", 
 "NODE_0000420": "0", 
 "NODE_0000427": "0", 
 "NODE_0000426": "0", 
 "NODE_0000425": "0", 
 "NODE_0000424": "0", 
 "NODE_0000429": "0", 
 "NODE_0000428": "0", 
 "p13.F2": "0", 
 "p13.F3": "0", 
 "p13.F1": "0", 
 "p13.F6": "0", 
 "p13.F7": "3", 
 "p13.F4": "0", 
 "p13.F5": "0", 
 "p13.F8": "0", 
 "p13.F9": "0", 
 "p6.B12": "0", 
 "p6.B11": "0", 
 "p6.B10": "0", 
 "p9.C1": "0", 
 "p9.C3": "0", 
 "p9.C2": "0", 
 "p9.C5": "0", 
 "p9.C4": "0", 
 "p9.C7": "0", 
 "p9.C6": "0", 
 "p9.C9": "0", 
 "p9.C8": "0", 
 "p11.F8": "0", 
 "p11.F9": "0", 
 "NODE_0000559": "0", 
 "NODE_0000558": "0", 
 "NODE_0000557": "0", 
 "NODE_0000556": "0", 
 "p11.F6": "0", 
 "NODE_0000554": "0", 
 "NODE_0000553": "0", 
 "p11.F1": "0", 
 "NODE_0000551": "0", 
 "p11.F3": "0", 
 "p2.C4": "0", 
 "p2.C5": "0", 
 "p2.C6": "0", 
 "p2.C7": "0", 
 "p2.C1": "0", 
 "p2.C2": "0", 
 "p2.C3": "0", 
 "p2.C8": "0", 
 "p2.C9": "0", 
 "p7.H8": "3", 
 "p7.H9": "0", 
 "p7.H6": "0", 
 "p7.H7": "0", 
 "p7.H4": "0", 
 "p7.H5": "0", 
 "p7.H2": "3", 
 "p7.H3": "3", 
 "p7.H1": "0", 
 "p11.H6": "1", 
 "p11.H7": "0", 
 "p11.H4": "0", 
 "p11.H5": "0", 
 "p5.C1": "0", 
 "p11.H3": "0", 
 "p5.C3": "0", 
 "p11.H1": "0", 
 "p5.C9": "0", 
 "p5.C8": "0", 
 "p11.H8": "0", 
 "p11.H9": "0", 
 "p3.G2": "3", 
 "p2.C12": "0", 
 "p2.C10": "0", 
 "p2.C11": "0", 
 "p8.H9": "0", 
 "p8.H8": "0", 
 "p8.H3": "0", 
 "p8.H2": "0", 
 "p8.H1": "0", 
 "p3.G1": "0", 
 "p8.H6": "0", 
 "p8.H5": "0", 
 "p8.H4": "0", 
 "p12.G11": "0", 
 "p12.G12": "0", 
 "p9.D12": "0", 
 "p9.D10": "0", 
 "p9.D11": "0", 
 "NODE_0000892": "3", 
 "NODE_0000893": "3", 
 "NODE_0000890": "3", 
 "NODE_0000891": "3", 
 "NODE_0000896": "3", 
 "NODE_0000897": "3", 
 "NODE_0000894": "3", 
 "NODE_0000895": "3", 
 "p3.G7": "0", 
 "NODE_0000898": "3", 
 "NODE_0000899": "3", 
 "NODE_0000148": "0", 
 "p3.G6": "0", 
 "NODE_0000149": "0", 
 "p1.F12": "0", 
 "NODE_0000968": "0", 
 "NODE_0000969": "0", 
 "NODE_0000966": "0", 
 "NODE_0000967": "0", 
 "NODE_0000964": "0", 
 "NODE_0000965": "0", 
 "NODE_0000962": "0", 
 "NODE_0000963": "0", 
 "NODE_0000960": "0", 
 "NODE_0000961": "0", 
 "p3.D10": "0", 
 "NODE_0000140": "0", 
 "NODE_0000141": "0", 
 "NODE_0000142": "0", 
 "p8.C3": "0", 
 "p3.G4": "0", 
 "NODE_0000143": "0", 
 "NODE_0000144": "0", 
 "NODE_0000145": "0", 
 "NODE_0000146": "0", 
 "NODE_0000147": "0", 
 "NODE_0000027": "0", 
 "NODE_0000026": "0", 
 "NODE_0000025": "0", 
 "NODE_0000024": "0", 
 "NODE_0000023": "0", 
 "NODE_0000022": "0", 
 "NODE_0000702": "3", 
 "NODE_0000703": "3", 
 "NODE_0000700": "3", 
 "NODE_0000701": "3", 
 "NODE_0000706": "3", 
 "NODE_0000707": "3", 
 "NODE_0000704": "3", 
 "NODE_0000705": "3", 
 "NODE_0000708": "3", 
 "NODE_0000709": "3", 
 "p5.B10": "0", 
 "p5.B11": "3", 
 "p5.B12": "3", 
 "NODE_0000636": "0", 
 "NODE_0000637": "0", 
 "NODE_0000634": "0", 
 "NODE_0000635": "0", 
 "NODE_0000632": "0", 
 "NODE_0000633": "0", 
 "NODE_0000630": "3", 
 "NODE_0000631": "3", 
 "NODE_0000638": "0", 
 "NODE_0000639": "0", 
 "p1.F10": "0", 
 "p12.G7": "0", 
 "p12.G4": "0", 
 "p12.G5": "0", 
 "p12.G2": "3", 
 "p12.G3": "3", 
 "NODE_0000418": "0", 
 "p12.G1": "3", 
 "NODE_0000416": "0", 
 "NODE_0000417": "0", 
 "NODE_0000414": "3", 
 "NODE_0000415": "3", 
 "NODE_0000412": "3", 
 "NODE_0000413": "3", 
 "NODE_0000410": "3", 
 "NODE_0000411": "3", 
 "p3.H1": "0", 
 "NODE_0000388": "0", 
 "NODE_0000389": "0", 
 "NODE_0000386": "0", 
 "NODE_0000387": "0", 
 "NODE_0000384": "0", 
 "NODE_0000385": "0", 
 "NODE_0000382": "0", 
 "NODE_0000383": "0", 
 "NODE_0000380": "0", 
 "NODE_0000381": "0", 
 "p13.G1": "0", 
 "p13.G3": "0", 
 "p13.G2": "3", 
 "p13.G5": "0", 
 "p13.G4": "0", 
 "p13.G7": "3", 
 "p13.G6": "0", 
 "p13.G9": "0", 
 "p13.G8": "3", 
 "p3.H8": "3", 
 "p3.H5": "0", 
 "p7.B12": "0", 
 "p7.B10": "3", 
 "p7.B11": "3", 
 "p13.D12": "3", 
 "p9.B2": "0", 
 "p9.B3": "0", 
 "p3.H9": "0", 
 "p9.B6": "0", 
 "p9.B7": "0", 
 "p9.B4": "0", 
 "p9.B5": "0", 
 "p9.B8": "0", 
 "p9.B9": "0", 
 "p11.G9": "0", 
 "p11.G8": "0", 
 "p11.G3": "0", 
 "p11.G2": "0", 
 "p11.G1": "0", 
 "NODE_0000561": "0", 
 "NODE_0000566": "0", 
 "NODE_0000567": "0", 
 "p11.G5": "0", 
 "p11.G4": "0", 
 "p2.D1": "0", 
 "NODE_0000098": "0", 
 "NODE_0000099": "0", 
 "p2.D5": "3", 
 "p2.D4": "0", 
 "p2.D7": "0", 
 "p2.D6": "0", 
 "NODE_0000092": "0", 
 "NODE_0000093": "0", 
 "NODE_0000090": "0", 
 "NODE_0000091": "0", 
 "NODE_0000096": "0", 
 "NODE_0000097": "0", 
 "NODE_0000094": "0", 
 "NODE_0000095": "0", 
 "p4.H9": "0", 
 "p4.H8": "0", 
 "p4.H7": "0", 
 "p4.H6": "0", 
 "p4.H5": "0", 
 "p4.H4": "0", 
 "p4.H3": "0", 
 "p4.H2": "0", 
 "p4.H1": "0", 
 "p9.B1": "0", 
 "p2.D11": "0", 
 "p2.D10": "0", 
 "p2.D12": "0", 
 "p5.B6": "0", 
 "p5.B7": "0", 
 "p5.B4": "0", 
 "p5.B5": "0", 
 "p5.B2": "0", 
 "p5.B3": "0", 
 "p5.B1": "0", 
 "p5.B8": "0", 
 "p5.B9": "0", 
 "NODE_0000568": "0", 
 "p4.F5": "0", 
 "p4.F4": "0", 
 "p4.F7": "0", 
 "NODE_0000569": "0", 
 "p4.F1": "0", 
 "p4.F3": "0", 
 "p4.F2": "0", 
 "p4.F9": "3", 
 "p4.F8": "0", 
 "NODE_0000562": "0", 
 "NODE_0000889": "3", 
 "NODE_0000888": "3", 
 "NODE_0000563": "0", 
 "NODE_0000885": "3", 
 "NODE_0000884": "3", 
 "NODE_0000887": "3", 
 "NODE_0000886": "3", 
 "NODE_0000881": "3", 
 "NODE_0000880": "3", 
 "NODE_0000883": "3", 
 "NODE_0000882": "3", 
 "p13.H12": "0", 
 "p3.G12": "3", 
 "p13.H10": "0", 
 "p13.H11": "3", 
 "p11.G7": "0", 
 "p11.G6": "0", 
 "NODE_0000564": "0", 
 "NODE_0000565": "0", 
 "p5.H11": "3", 
 "p4.D6": "0", 
 "p2.D3": "0", 
 "p2.D2": "0", 
 "NODE_0000979": "0", 
 "NODE_0000978": "0", 
 "NODE_0000971": "0", 
 "NODE_0000970": "0", 
 "NODE_0000973": "0", 
 "NODE_0000972": "0", 
 "NODE_0000975": "0", 
 "NODE_0000974": "0", 
 "NODE_0000977": "0", 
 "NODE_0000976": "0", 
 "p2.D9": "3", 
 "p2.D8": "0", 
 "p5.A12": "3", 
 "p5.A11": "3", 
 "p5.A10": "0", 
 "p7.D12": "0", 
 "p9.C11": "0", 
 "p9.C10": "0", 
 "p9.C12": "0", 
 "p5.F10": "0", 
 "p7.E11": "3", 
 "p7.E10": "0", 
 "p7.E12": "3", 
 "p12.H9": "0", 
 "p12.H8": "0", 
 "p12.H3": "3", 
 "p12.H2": "3", 
 "p12.H1": "0", 
 "p12.H7": "0", 
 "p12.H6": "0", 
 "p12.H5": "0", 
 "p12.H4": "3", 
 "NODE_0000621": "0", 
 "NODE_0000620": "0", 
 "NODE_0000623": "0", 
 "NODE_0000622": "0", 
 "NODE_0000625": "1", 
 "NODE_0000624": "0", 
 "NODE_0000627": "3", 
 "NODE_0000626": "3", 
 "NODE_0000629": "3", 
 "NODE_0000628": "3", 
 "NODE_0000409": "3", 
 "NODE_0000408": "3", 
 "NODE_0000159": "0", 
 "NODE_0000158": "0", 
 "p12.F1": "0", 
 "p12.F3": "0", 
 "p12.F2": "0", 
 "NODE_0000153": "0", 
 "NODE_0000152": "0", 
 "NODE_0000151": "0", 
 "NODE_0000150": "0", 
 "NODE_0000157": "0", 
 "NODE_0000156": "0", 
 "NODE_0000155": "0", 
 "NODE_0000154": "0", 
 "NODE_0000399": "0", 
 "NODE_0000398": "0", 
 "NODE_0000391": "0", 
 "NODE_0000390": "0", 
 "NODE_0000393": "0", 
 "NODE_0000392": "0", 
 "NODE_0000395": "0", 
 "NODE_0000394": "0", 
 "NODE_0000397": "0", 
 "NODE_0000396": "0", 
 "p13.D8": "0", 
 "p13.D9": "0", 
 "p13.D4": "0", 
 "p13.D5": "0", 
 "p13.D6": "0", 
 "p13.D7": "0", 
 "p13.D1": "0", 
 "p13.D2": "0", 
 "p13.D3": "0", 
 "NODE_0000719": "3", 
 "NODE_0000718": "3", 
 "NODE_0000715": "3", 
 "NODE_0000714": "3", 
 "NODE_0000717": "3", 
 "NODE_0000716": "3", 
 "NODE_0000711": "3", 
 "NODE_0000710": "3", 
 "NODE_0000713": "3", 
 "NODE_0000712": "3", 
 "p3.E5": "0", 
 "p3.E4": "0", 
 "p3.E7": "3", 
 "p3.E6": "0", 
 "p3.E1": "0", 
 "p9.A9": "3", 
 "p3.E2": "3", 
 "p9.A7": "0", 
 "p9.A6": "0", 
 "p9.A5": "0", 
 "p9.A4": "0", 
 "p3.E9": "0", 
 "p3.E8": "3", 
 "p9.A1": "0", 
 "NODE_0000575": "0", 
 "NODE_0000574": "0", 
 "NODE_0000577": "0", 
 "NODE_0000576": "0", 
 "NODE_0000571": "0", 
 "NODE_0000570": "0", 
 "NODE_0000573": "0", 
 "NODE_0000572": "0", 
 "NODE_0000579": "0", 
 "NODE_0000578": "0", 
 "p6.A12": "0", 
 "NODE_0000085": "0", 
 "NODE_0000084": "0", 
 "NODE_0000087": "0", 
 "NODE_0000086": "0", 
 "NODE_0000081": "0", 
 "NODE_0000080": "0", 
 "NODE_0000083": "0", 
 "NODE_0000082": "0", 
 "p2.E8": "0", 
 "p2.E9": "0", 
 "NODE_0000089": "0", 
 "NODE_0000088": "0", 
 "NODE_0000056": "0", 
 "NODE_0000057": "0", 
 "NODE_0000054": "0", 
 "NODE_0000055": "0", 
 "NODE_0000720": "3", 
 "NODE_0000721": "3", 
 "NODE_0000050": "0", 
 "NODE_0000051": "0", 
 "p12.B1": "0", 
 "p12.B3": "0", 
 "NODE_0000356": "0", 
 "p12.B5": "0", 
 "p8.G10": "0", 
 "p8.G11": "0", 
 "p8.G12": "0", 
 "p12.B7": "0", 
 "p12.B6": "0", 
 "NODE_0000683": "1", 
 "NODE_0000681": "0", 
 "p5.A3": "0", 
 "p5.A2": "0", 
 "p5.A1": "0", 
 "p5.A7": "0", 
 "p5.A6": "0", 
 "p5.A5": "0", 
 "p5.A4": "0", 
 "NODE_0000687": "3", 
 "p5.A9": "0", 
 "p5.A8": "0", 
 "NODE_0000686": "3", 
 "NODE_0000685": "3", 
 "p1.E4": "0", 
 "p1.E8": "3", 
 "NODE_0001028": "0", 
 "NODE_0001029": "0", 
 "NODE_0001024": "0", 
 "NODE_0001025": "0", 
 "NODE_0001026": "0", 
 "NODE_0001027": "0", 
 "NODE_0001020": "0", 
 "NODE_0001021": "0", 
 "NODE_0001022": "0", 
 "NODE_0001023": "0", 
 "p4.G6": "0", 
 "p4.G7": "0", 
 "p4.G4": "0", 
 "p4.G2": "0", 
 "p4.G3": "0", 
 "p4.G1": "0", 
 "p4.G8": "0", 
 "p4.G9": "0", 
 "p11.A11": "0", 
 "p11.A10": "0", 
 "p11.A12": "0", 
 "NODE_0000342": "3", 
 "NODE_0000343": "3", 
 "NODE_0000340": "0", 
 "NODE_0000984": "0", 
 "NODE_0000985": "0", 
 "NODE_0000986": "0", 
 "NODE_0000987": "0", 
 "NODE_0000980": "0", 
 "NODE_0000981": "0", 
 "NODE_0000982": "0", 
 "NODE_0000983": "0", 
 "NODE_0000988": "0", 
 "NODE_0000989": "0", 
 "p9.A2": "0", 
 "NODE_0000346": "3", 
 "NODE_0000113": "0", 
 "p1.D12": "3", 
 "p1.D10": "0", 
 "NODE_0000347": "3", 
 "NODE_0000112": "0", 
 "p1.D11": "0", 
 "p4.B11": "0", 
 "p3.A9": "0", 
 "p4.B12": "0", 
 "p3.A8": "0", 
 "p12.B8": "0", 
 "p3.A1": "0", 
 "NODE_0000345": "3", 
 "p3.A3": "0", 
 "NODE_0000166": "0", 
 "p12.E1": "3", 
 "p12.E2": "0", 
 "NODE_0000165": "0", 
 "p12.E4": "0", 
 "p12.E5": "0", 
 "p12.E6": "3", 
 "p12.E7": "3", 
 "p12.E8": "0", 
 "p12.E9": "0", 
 "NODE_0000168": "0", 
 "NODE_0000169": "0", 
 "NODE_0000364": "0", 
 "NODE_0000365": "0", 
 "NODE_0000366": "0", 
 "NODE_0000367": "0", 
 "NODE_0000360": "0", 
 "NODE_0000361": "0", 
 "NODE_0000362": "0", 
 "NODE_0000363": "0", 
 "p13.C11": "0", 
 "p13.C10": "0", 
 "p13.C12": "0", 
 "NODE_0000368": "0", 
 "NODE_0000369": "0", 
 "NODE_0000430": "0", 
 "p13.E9": "0", 
 "p13.E8": "0", 
 "NODE_0000431": "0", 
 "p13.E3": "0", 
 "p13.E2": "0", 
 "p13.E1": "0", 
 "p13.E7": "3", 
 "NODE_0000432": "0", 
 "p13.E4": "0", 
 "NODE_0000768": "0", 
 "NODE_0000769": "0", 
 "NODE_0000433": "0", 
 "NODE_0000760": "0", 
 "NODE_0000434": "0", 
 "NODE_0000762": "0", 
 "NODE_0000763": "0", 
 "NODE_0000764": "0", 
 "NODE_0000765": "0", 
 "NODE_0000766": "0", 
 "NODE_0000767": "0", 
 "p3.D6": "0", 
 "p3.D4": "0", 
 "p3.D5": "0", 
 "p3.D2": "0", 
 "NODE_0000436": "0", 
 "p3.D1": "0", 
 "NODE_0000437": "0", 
 "p3.D8": "0", 
 "p3.D9": "0", 
 "NODE_0000500": "0", 
 "NODE_0000501": "0", 
 "NODE_0000502": "0", 
 "NODE_0000503": "0", 
 "NODE_0000504": "0", 
 "NODE_0000505": "0", 
 "NODE_0000506": "0", 
 "NODE_0000507": "0", 
 "NODE_0000508": "0", 
 "NODE_0000509": "0", 
 "p5.H10": "0", 
 "p2.F9": "3", 
 "p2.F8": "3", 
 "p2.F7": "0", 
 "p2.F6": "0", 
 "p2.F5": "0", 
 "p2.F4": "0", 
 "p2.F3": "0", 
 "p2.F2": "0", 
 "p2.F1": "0", 
 "p2.H5": "0", 
 "p2.H4": "0", 
 "p2.H7": "0", 
 "p2.H6": "0", 
 "p2.H1": "0", 
 "p2.H2": "0", 
 "p2.H9": "0", 
 "p2.H8": "0", 
 "NODE_0000218": "0", 
 "NODE_0000219": "0", 
 "NODE_0000214": "3", 
 "NODE_0000215": "3", 
 "NODE_0000216": "3", 
 "NODE_0000217": "3", 
 "NODE_0000210": "3", 
 "NODE_0000211": "3", 
 "NODE_0000212": "3", 
 "NODE_0000213": "3", 
 "NODE_0000188": "0", 
 "NODE_0000189": "0", 
 "NODE_0000184": "0", 
 "NODE_0000185": "0", 
 "NODE_0000186": "0", 
 "NODE_0000187": "0", 
 "NODE_0000180": "0", 
 "NODE_0000181": "0", 
 "NODE_0000182": "0", 
 "NODE_0000183": "0", 
 "p5.H2": "3", 
 "NODE_0001039": "0", 
 "NODE_0001038": "0", 
 "NODE_0001037": "0", 
 "NODE_0001036": "0", 
 "NODE_0001035": "0", 
 "NODE_0001034": "0", 
 "NODE_0001033": "0", 
 "NODE_0001032": "0", 
 "NODE_0001031": "0", 
 "NODE_0001030": "0", 
 "p4.D3": "3", 
 "p4.D2": "0", 
 "p4.D1": "3", 
 "p3.A7": "0", 
 "p4.D4": "0", 
 "p4.D9": "0", 
 "p4.D8": "0", 
 "p7.G12": "0", 
 "p7.G11": "3", 
 "p11.B12": "0", 
 "p11.B10": "0", 
 "p11.B11": "0", 
 "NODE_0000997": "0", 
 "NODE_0000996": "0", 
 "NODE_0000995": "0", 
 "NODE_0000994": "0", 
 "NODE_0000993": "0", 
 "NODE_0000992": "0", 
 "NODE_0000991": "0", 
 "NODE_0000990": "0", 
 "NODE_0000999": "0", 
 "NODE_0000998": "0", 
 "p12.H12": "0", 
 "p12.H11": "3", 
 "p12.H10": "0", 
 "NODE_0000549": "0", 
 "p3.A6": "0", 
 "p11.E9": "3", 
 "p11.E8": "0", 
 "p4.F6": "0", 
 "p3.E11": "0", 
 "p3.E10": "0", 
 "p3.E12": "0", 
 "p6.H11": "0", 
 "p6.H10": "3", 
 "p6.H12": "0", 
 "NODE_0000171": "0", 
 "NODE_0000170": "0", 
 "NODE_0000173": "0", 
 "NODE_0000172": "0", 
 "NODE_0000175": "0", 
 "NODE_0000174": "0", 
 "NODE_0000177": "0", 
 "p12.D8": "0", 
 "p12.D7": "0", 
 "p12.D6": "0", 
 "p12.D5": "0", 
 "p12.D2": "0", 
 "p12.D1": "0", 
 "NODE_0000377": "0", 
 "NODE_0000376": "0", 
 "NODE_0000375": "0", 
 "NODE_0000374": "0", 
 "NODE_0000373": "0", 
 "NODE_0000372": "0", 
 "NODE_0000371": "0", 
 "NODE_0000370": "0", 
 "p1.G9": "3", 
 "p1.G8": "3", 
 "NODE_0000379": "0", 
 "NODE_0000378": "0", 
 "p11.H10": "0", 
 "p11.H11": "0", 
 "p11.H12": "0", 
 "NODE_0000779": "0", 
 "NODE_0000778": "0", 
 "NODE_0000773": "0", 
 "NODE_0000772": "0", 
 "NODE_0000771": "0", 
 "NODE_0000770": "0", 
 "NODE_0000777": "0", 
 "NODE_0000776": "0", 
 "NODE_0000775": "0", 
 "NODE_0000774": "0", 
 "p3.G3": "3", 
 "p13.H1": "3", 
 "p13.H2": "1", 
 "p13.H3": "3", 
 "p1.G11": "0", 
 "p1.G10": "0", 
 "p13.H6": "3", 
 "p1.G12": "0", 
 "p13.H8": "0", 
 "p13.H9": "0", 
 "p3.G9": "0", 
 "p3.G8": "0", 
 "NODE_0000513": "0", 
 "NODE_0000512": "0", 
 "NODE_0000511": "0", 
 "NODE_0000510": "0", 
 "NODE_0000517": "0", 
 "NODE_0000516": "0", 
 "NODE_0000515": "0", 
 "NODE_0000514": "0", 
 "NODE_0000519": "0", 
 "NODE_0000518": "0", 
 "p2.G8": "0", 
 "p2.G9": "0", 
 "p2.G1": "0", 
 "p2.G2": "0", 
 "p2.G3": "0", 
 "p2.G4": "0", 
 "p2.G5": "0", 
 "p2.G6": "0", 
 "p2.G7": "0", 
 "NODE_0000209": "3", 
 "NODE_0000208": "3", 
 "NODE_0000207": "3", 
 "NODE_0000206": "3", 
 "NODE_0000205": "3", 
 "NODE_0000204": "3", 
 "NODE_0000203": "3", 
 "NODE_0000202": "3", 
 "NODE_0000201": "3", 
 "NODE_0000200": "3", 
 "p4.G11": "0", 
 "p4.G12": "0", 
 "NODE_0000199": "3", 
 "NODE_0000198": "3", 
 "NODE_0000197": "1", 
 "NODE_0000196": "0", 
 "NODE_0000195": "0", 
 "NODE_0000194": "0", 
 "NODE_0000193": "0", 
 "NODE_0000192": "0", 
 "NODE_0000191": "0", 
 "NODE_0000190": "0", 
 "p3.G11": "0", 
 "p3.G10": "0", 
 "p6.H1": "0", 
 "p6.H3": "0", 
 "p6.H2": "0", 
 "p6.H5": "0", 
 "p6.H4": "0", 
 "p6.H7": "3", 
 "p6.H6": "0", 
 "p6.H9": "0", 
 "p6.H8": "3", 
 "p6.G10": "0", 
 "p6.G11": "0", 
 "p5.G9": "0", 
 "p5.G8": "0", 
 "p5.G1": "0", 
 "p5.G3": "3", 
 "p5.G2": "3", 
 "p5.G5": "0", 
 "p5.G4": "0", 
 "p5.G7": "0", 
 "p5.G6": "0", 
 "NODE_0001008": "0", 
 "NODE_0001009": "0", 
 "p12.D9": "0", 
 "NODE_0001002": "0", 
 "NODE_0001003": "0", 
 "NODE_0001000": "0", 
 "NODE_0000176": "0", 
 "NODE_0001006": "0", 
 "NODE_0001007": "0", 
 "NODE_0001004": "0", 
 "NODE_0001005": "0", 
 "NODE_0000179": "0", 
 "p4.E8": "0", 
 "p4.E9": "3", 
 "NODE_0000178": "0", 
 "p4.E4": "3", 
 "p4.E5": "0", 
 "p4.E6": "0", 
 "p4.E1": "0", 
 "p4.E2": "3", 
 "p4.E3": "0", 
 "p8.A12": "0", 
 "p8.A10": "0", 
 "p8.A11": "0", 
 "p1.G5": "0", 
 "p1.G4": "3", 
 "p1.G7": "0", 
 "p1.G6": "0", 
 "p1.G1": "0", 
 "p1.G3": "3", 
 "p1.G2": "3", 
 "p12.G8": "3", 
 "p8.B5": "0", 
 "p8.B4": "0", 
 "p8.B7": "0", 
 "p8.B6": "3", 
 "p8.B3": "0", 
 "p8.B2": "0", 
 "p8.B9": "0", 
 "p8.B8": "0", 
 "p5.D12": "0", 
 "p5.D10": "0", 
 "p5.C10": "0", 
 "NODE_0000038": "0", 
 "NODE_0000838": "0", 
 "NODE_0000839": "0", 
 "NODE_0000834": "0", 
 "NODE_0000835": "0", 
 "NODE_0000836": "0", 
 "NODE_0000837": "0", 
 "NODE_0000830": "0", 
 "NODE_0000831": "0", 
 "NODE_0000832": "0", 
 "NODE_0000833": "0", 
 "p6.D1": "0", 
 "p1.H8": "0", 
 "p1.H9": "3", 
 "p1.H1": "0", 
 "p1.H2": "3", 
 "p1.H3": "3", 
 "p1.H4": "0", 
 "p1.H5": "0", 
 "p1.H6": "0", 
 "p1.H7": "3", 
 "p12.C8": "0", 
 "p12.C9": "0", 
 "p12.C2": "0", 
 "p12.C3": "0", 
 "p12.C1": "0", 
 "p12.C6": "0", 
 "p12.C7": "0", 
 "p12.C5": "0", 
 "NODE_0000690": "3", 
 "p1.F7": "3", 
 "NODE_0000692": "3", 
 "NODE_0000693": "3", 
 "p1.F2": "0", 
 "p1.F3": "0", 
 "NODE_0000696": "3", 
 "p1.F1": "0", 
 "NODE_0000698": "3", 
 "NODE_0000699": "3", 
 "NODE_0000348": "3", 
 "NODE_0000349": "3", 
 "p1.F8": "3", 
 "p1.F9": "0", 
 "p12.A12": "0", 
 "p12.A10": "0", 
 "p12.A11": "3", 
 "NODE_0000746": "3", 
 "NODE_0000747": "3", 
 "NODE_0000744": "3", 
 "NODE_0000745": "3", 
 "NODE_0000742": "3", 
 "NODE_0000743": "3", 
 "NODE_0000740": "3", 
 "NODE_0000741": "3", 
 "NODE_0000748": "3", 
 "NODE_0000749": "3", 
 "p3.F8": "0", 
 "NODE_0000528": "0", 
 "NODE_0000529": "0", 
 "NODE_0000526": "0", 
 "NODE_0000527": "0", 
 "NODE_0000524": "0", 
 "NODE_0000525": "0", 
 "NODE_0000522": "0", 
 "NODE_0000523": "0", 
 "NODE_0000520": "0", 
 "NODE_0000521": "0", 
 "p4.D12": "0", 
 "p4.D11": "0", 
 "p4.D10": "3", 
 "p13.H4": "0", 
 "p13.H5": "0", 
 "p3.G5": "0", 
 "p13.H7": "3", 
 "NODE_0000874": "0", 
 "NODE_0000875": "1", 
 "NODE_0001062": "0", 
 "NODE_0000238": "0", 
 "NODE_0000239": "0", 
 "NODE_0000232": "0", 
 "NODE_0000233": "0", 
 "NODE_0000647": "0", 
 "NODE_0000231": "0", 
 "NODE_0000236": "0", 
 "NODE_0000237": "0", 
 "NODE_0000234": "0", 
 "NODE_0000235": "0", 
 "p3.B12": "3", 
 "p3.B10": "3", 
 "p3.B11": "3", 
 "NODE_0000458": "0", 
 "NODE_0000459": "0", 
 "NODE_0000646": "0", 
 "p7.A5": "0", 
 "p7.A4": "0", 
 "p7.A7": "0", 
 "p7.A6": "0", 
 "p7.A1": "0", 
 "p7.A3": "0", 
 "p7.A2": "0", 
 "p7.A9": "0", 
 "p7.A8": "0", 
 "NODE_0000645": "0", 
 "NODE_0000108": "0", 
 "NODE_0000109": "0", 
 "p5.F8": "0", 
 "p5.F9": "0", 
 "NODE_0000644": "0", 
 "p5.F2": "0", 
 "p5.F3": "0", 
 "p5.F1": "3", 
 "p5.F6": "0", 
 "p5.F7": "3", 
 "p5.F4": "0", 
 "p5.F5": "0", 
 "p8.F11": "3", 
 "p8.F10": "0", 
 "p8.F12": "3", 
 "p7.C12": "0", 
 "NODE_0000643": "0", 
 "NODE_0001015": "0", 
 "NODE_0001014": "0", 
 "NODE_0001017": "0", 
 "NODE_0001016": "0", 
 "NODE_0001011": "0", 
 "NODE_0001010": "0", 
 "NODE_0001013": "0", 
 "NODE_0001012": "0", 
 "NODE_0001019": "0", 
 "NODE_0001018": "0", 
 "NODE_0000642": "0", 
 "p4.B8": "0", 
 "p4.B1": "0", 
 "p4.B3": "0", 
 "p4.B2": "0", 
 "p4.B5": "0", 
 "p4.B4": "0", 
 "p4.B7": "0", 
 "NODE_0000641": "0", 
 "p7.H10": "3", 
 "p7.H11": "3", 
 "p7.H12": "0", 
 "NODE_0000580": "0", 
 "p13.C4": "0", 
 "p13.C7": "0", 
 "p13.C6": "0", 
 "NODE_0000584": "0", 
 "p8.C6": "0", 
 "p8.C7": "3", 
 "p8.C4": "0", 
 "p8.C5": "0", 
 "p8.C2": "0", 
 "NODE_0000586": "0", 
 "p8.C1": "0", 
 "NODE_0000587": "0", 
 "p8.C8": "0", 
 "p8.C9": "0", 
 "NODE_0000829": "0", 
 "NODE_0000828": "0", 
 "NODE_0000827": "0", 
 "NODE_0000826": "0", 
 "NODE_0000825": "0", 
 "NODE_0000824": "0", 
 "NODE_0000823": "0", 
 "NODE_0000822": "0", 
 "NODE_0000821": "0", 
 "NODE_0000820": "0", 
 "p5.H4": "0", 
 "p5.H5": "0", 
 "p5.H6": "0", 
 "p5.H7": "0", 
 "p5.H1": "0", 
 "p12.B9": "0", 
 "NODE_0000654": "0", 
 "NODE_0000359": "0", 
 "NODE_0000358": "0", 
 "NODE_0000655": "0", 
 "NODE_0000355": "0", 
 "NODE_0000354": "0", 
 "NODE_0000357": "0", 
 "p12.B2": "0", 
 "NODE_0000351": "3", 
 "NODE_0000350": "3", 
 "NODE_0000353": "0", 
 "NODE_0000352": "0", 
 "p1.E3": "0", 
 "NODE_0000682": "0", 
 "p1.E1": "0", 
 "NODE_0000680": "0", 
 "p1.E7": "0", 
 "p1.E6": "0", 
 "p1.E5": "0", 
 "NODE_0000684": "3", 
 "NODE_0000650": "0", 
 "NODE_0000689": "3", 
 "NODE_0000688": "3", 
 "NODE_0000651": "0", 
 "NODE_0000652": "0", 
 "p9.F2": "0", 
 "NODE_0000653": "0", 
 "p9.F3": "0", 
 "NODE_0000751": "3", 
 "NODE_0000750": "3", 
 "NODE_0000753": "0", 
 "NODE_0000752": "0", 
 "NODE_0000755": "0", 
 "NODE_0000754": "0", 
 "NODE_0000757": "0", 
 "NODE_0000756": "0", 
 "NODE_0000759": "0", 
 "NODE_0000758": "0", 
 "p9.F1": "3", 
 "NODE_0000539": "0", 
 "NODE_0000538": "0", 
 "NODE_0000531": "0", 
 "NODE_0000530": "0", 
 "NODE_0000533": "0", 
 "NODE_0000532": "0", 
 "NODE_0000535": "0", 
 "NODE_0000534": "0", 
 "NODE_0000537": "0", 
 "NODE_0000536": "0", 
 "p13.B10": "3", 
 "NODE_0000225": "0", 
 "NODE_0000224": "0", 
 "NODE_0000227": "0", 
 "NODE_0000226": "0", 
 "NODE_0000221": "0", 
 "NODE_0000220": "0", 
 "NODE_0000223": "0", 
 "NODE_0000222": "0", 
 "NODE_0000229": "0", 
 "NODE_0000228": "0", 
 "p2.A10": "3", 
 "p2.A11": "0", 
 "p5.E7": "3", 
 "p5.E6": "0", 
 "p5.E4": "0", 
 "p5.E3": "0", 
 "p5.E2": "3", 
 "p5.E1": "0", 
 "p5.E9": "0", 
 "p5.E8": "3", 
 "p7.A11": "0", 
 "p7.A10": "3", 
 "p7.A12": "3", 
 "p6.D5": "3", 
 "p6.D4": "3", 
 "p6.D7": "0", 
 "p6.D6": "0", 
 "NODE_0000656": "0", 
 "p6.D3": "3", 
 "p6.D2": "0", 
 "p6.D9": "3", 
 "p6.D8": "0", 
 "NODE_0001060": "0", 
 "NODE_0001061": "0", 
 "NODE_0000657": "0", 
 "NODE_0001063": "0", 
 "p4.C8": "3", 
 "p4.C9": "3", 
 "p4.C2": "0", 
 "p4.C3": "0", 
 "p4.C1": "0", 
 "p4.C6": "0", 
 "p4.C7": "0", 
 "p4.C4": "0", 
 "p4.C5": "0", 
 "p6.A1": "3", 
 "p11.G12": "0", 
 "p11.G11": "0", 
 "p11.G10": "0", 
 "p6.E10": "3", 
 "p6.E11": "0", 
 "p12.F4": "0", 
 "p12.F7": "0", 
 "p12.F6": "3", 
 "NODE_0000401": "0", 
 "NODE_0000400": "0", 
 "NODE_0000403": "0", 
 "NODE_0000402": "0", 
 "p12.F9": "0", 
 "NODE_0000404": "1", 
 "NODE_0000407": "3", 
 "NODE_0000406": "3", 
 "p8.C10": "0", 
 "p8.C11": "0", 
 "NODE_0000818": "0", 
 "NODE_0000819": "0", 
 "NODE_0000812": "0", 
 "NODE_0000813": "0", 
 "NODE_0000810": "0", 
 "NODE_0000811": "0", 
 "NODE_0000816": "0", 
 "NODE_0000817": "0", 
 "NODE_0000814": "0", 
 "NODE_0000815": "0", 
 "NODE_0000405": "3", 
 "NODE_0000328": "0", 
 "NODE_0000329": "0", 
 "NODE_0000320": "0", 
 "NODE_0000321": "0", 
 "NODE_0000322": "0", 
 "NODE_0000323": "0", 
 "NODE_0000324": "0", 
 "NODE_0000325": "0", 
 "NODE_0000326": "0", 
 "NODE_0000327": "0", 
 "p1.D8": "0", 
 "p1.D9": "0", 
 "p1.D4": "0", 
 "p1.D5": "0", 
 "p1.D6": "3", 
 "p1.D7": "0", 
 "p1.D1": "0", 
 "p1.D2": "0", 
 "p1.D3": "0", 
 "p13.E12": "0", 
 "p13.E11": "0", 
 "p13.E10": "0", 
 "p3.H7": "0", 
 "NODE_0000034": "0", 
 "NODE_0000035": "0", 
 "NODE_0000788": "0", 
 "NODE_0000789": "0", 
 "NODE_0000030": "0", 
 "NODE_0000031": "0", 
 "NODE_0000032": "0", 
 "NODE_0000033": "0", 
 "NODE_0000782": "0", 
 "NODE_0000783": "0", 
 "NODE_0000780": "0", 
 "NODE_0000781": "0", 
 "p12.B11": "3", 
 "NODE_0000787": "0", 
 "NODE_0000784": "0", 
 "NODE_0000785": "0", 
 "p12.A4": "0", 
 "p12.A5": "0", 
 "p12.A6": "0", 
 "p12.A7": "0", 
 "p2.H11": "0", 
 "p12.A1": "0", 
 "p12.A2": "0", 
 "p12.A3": "0", 
 "p12.A8": "0", 
 "p12.A9": "0", 
 "p2.B12": "0", 
 "p3.F2": "0", 
 "p2.B10": "0", 
 "NODE_0000250": "0", 
 "NODE_0000251": "0", 
 "NODE_0000252": "0", 
 "NODE_0000253": "0", 
 "NODE_0000254": "0", 
 "NODE_0000255": "0", 
 "NODE_0000256": "0", 
 "NODE_0000257": "0", 
 "NODE_0000258": "0", 
 "NODE_0000259": "0", 
 "p1.H12": "0", 
 "p7.C2": "0", 
 "p1.H10": "0", 
 "p1.H11": "0", 
 "p7.C7": "0", 
 "p7.C6": "0", 
 "p7.C5": "0", 
 "p7.C4": "0", 
 "p7.C9": "0", 
 "p7.C8": "0", 
 "p5.D1": "0", 
 "p5.D2": "0", 
 "p5.D3": "0", 
 "p4.F11": "0", 
 "p4.F10": "3", 
 "p5.D6": "0", 
 "p4.F12": "0", 
 "p5.D8": "0", 
 "p5.D9": "0", 
 "p9.A8": "0", 
 "p9.E8": "0", 
 "p6.E6": "0", 
 "p6.E7": "0", 
 "p6.E4": "0", 
 "p6.E5": "0", 
 "p6.E2": "0", 
 "p6.E3": "3", 
 "p6.E1": "0", 
 "p9.A3": "0", 
 "p6.E8": "0", 
 "p6.E9": "0", 
 "p9.F10": "0", 
 "p9.F11": "0", 
 "p6.F12": "0", 
 "p6.F11": "0", 
 "p6.F10": "0", 
 "NODE_0001001": "0", 
 "p6.A10": "3", 
 "p6.A11": "0", 
 "p2.E2": "0", 
 "p2.E3": "3", 
 "p2.E1": "0", 
 "p2.E6": "0", 
 "p2.E7": "0", 
 "p2.E4": "0", 
 "p9.E12": "0", 
 "p9.E11": "0", 
 "p9.E10": "0", 
 "p8.A8": "0", 
 "p8.A9": "3", 
 "p3.H2": "3", 
 "p8.A7": "0", 
 "p8.A1": "3", 
 "p8.A2": "0", 
 "NODE_0000419": "0", 
 "NODE_0000761": "0", 
 "p9.E1": "0", 
 "p7.F12": "0", 
 "p7.F10": "0", 
 "p7.F11": "0", 
 "NODE_0000805": "0", 
 "NODE_0000804": "0", 
 "NODE_0000807": "0", 
 "NODE_0000806": "0", 
 "NODE_0000801": "0", 
 "NODE_0000800": "0", 
 "NODE_0000803": "0", 
 "NODE_0000802": "0", 
 "NODE_0000809": "0", 
 "NODE_0000808": "0", 
 "p12.F8": "0", 
 "p5.E12": "0", 
 "p5.E11": "0", 
 "p5.E10": "0", 
 "p3.H6": "0", 
 "NODE_0000339": "0", 
 "NODE_0000338": "0", 
 "NODE_0000333": "0", 
 "NODE_0000332": "0", 
 "NODE_0000331": "0", 
 "NODE_0000330": "0", 
 "NODE_0000337": "0", 
 "NODE_0000336": "0", 
 "NODE_0000335": "0", 
 "NODE_0000334": "0", 
 "p1.C9": "0", 
 "p1.C8": "0", 
 "p1.C1": "0", 
 "p1.C3": "0", 
 "p1.C2": "0", 
 "p1.C5": "0", 
 "p1.C4": "0", 
 "p1.C7": "0", 
 "p1.C6": "0", 
 "p11.F2": "0", 
 "NODE_0000795": "0", 
 "NODE_0000794": "0", 
 "NODE_0000797": "0", 
 "NODE_0000796": "0", 
 "NODE_0000791": "0", 
 "NODE_0000790": "0", 
 "NODE_0000021": "0", 
 "NODE_0000020": "0", 
 "p4.A12": "0", 
 "p4.A10": "3", 
 "p4.A11": "0", 
 "NODE_0000799": "0", 
 "NODE_0000798": "0", 
 "NODE_0000029": "0", 
 "NODE_0000028": "0", 
 "p1.A12": "3", 
 "p1.A11": "3", 
 "p1.A10": "0", 
 "NODE_0000737": "3", 
 "NODE_0000736": "3", 
 "NODE_0000735": "3", 
 "NODE_0000243": "0", 
 "NODE_0000242": "0", 
 "NODE_0000241": "0", 
 "NODE_0000240": "0", 
 "NODE_0000247": "0", 
 "NODE_0000246": "0", 
 "NODE_0000245": "0", 
 "NODE_0000244": "0", 
 "NODE_0000733": "3", 
 "NODE_0000249": "0", 
 "NODE_0000248": "0", 
 "NODE_0000732": "3", 
 "NODE_0000731": "3", 
 "p7.C3": "0", 
 "NODE_0000730": "3", 
 "p3.C6": "0", 
 "p3.C5": "0", 
 "p3.C4": "0", 
 "p3.C3": "0", 
 "p3.C2": "0", 
 "p3.C1": "0", 
 "p12.G6": "0", 
 "p3.C9": "0", 
 "p3.C8": "0", 
 "p7.B8": "0", 
 "p7.B9": "0", 
 "p7.B4": "0", 
 "p7.B5": "0", 
 "p7.B6": "0", 
 "p7.B7": "0", 
 "p7.B1": "0", 
 "p7.B2": "0", 
 "p7.B3": "0", 
 "p7.C1": "0", 
 "p3.C12": "3", 
 "p3.C11": "0", 
 "p3.C10": "0", 
 "p6.F3": "0", 
 "p6.F2": "0", 
 "p6.F1": "0", 
 "p6.F7": "0", 
 "p6.F6": "0", 
 "p6.F5": "0", 
 "p6.F4": "0", 
 "p6.F9": "0", 
 "p6.F8": "0", 
 "NODE_0001048": "0", 
 "NODE_0001049": "0", 
 "NODE_0001046": "0", 
 "NODE_0001047": "0", 
 "NODE_0001044": "0", 
 "NODE_0001045": "0", 
 "NODE_0001042": "0", 
 "NODE_0001043": "0", 
 "NODE_0001040": "0", 
 "NODE_0001041": "0", 
 "p4.A1": "3", 
 "p4.A2": "3", 
 "p4.A3": "0", 
 "p4.A4": "0", 
 "p4.A5": "0", 
 "p4.A6": "0", 
 "p4.A7": "0", 
 "p4.A8": "0", 
 "p4.A9": "3", 
 "p1.F5": "0", 
 "p9.F8": "3", 
 "p9.F9": "0", 
 "p8.F8": "3", 
 "p8.F1": "0", 
 "p8.F3": "0", 
 "p8.F2": "0", 
 "p8.F5": "0", 
 "p8.F4": "0", 
 "p8.F7": "0", 
 "p8.F6": "0", 
 "p6.G7": "0", 
 "NODE_0000870": "0", 
 "NODE_0000871": "0", 
 "NODE_0000872": "0", 
 "NODE_0000873": "0", 
 "p11.E11": "0", 
 "p11.E10": "3", 
 "NODE_0000876": "3", 
 "NODE_0000877": "3", 
 "NODE_0000878": "3", 
 "NODE_0000879": "3", 
 "p9.H10": "0", 
 "p9.H11": "3", 
 "NODE_0000908": "3", 
 "NODE_0000909": "3", 
 "NODE_0000904": "3", 
 "NODE_0000905": "3", 
 "NODE_0000906": "3", 
 "NODE_0000907": "3", 
 "NODE_0000900": "3", 
 "NODE_0000901": "3", 
 "NODE_0000902": "3", 
 "NODE_0000903": "3", 
 "NODE_0000306": "0", 
 "NODE_0000307": "0", 
 "NODE_0000304": "0", 
 "NODE_0000305": "0", 
 "NODE_0000302": "0", 
 "NODE_0000303": "0", 
 "NODE_0000300": "0", 
 "NODE_0000301": "0", 
 "NODE_0000658": "0", 
 "NODE_0000659": "0", 
 "NODE_0000308": "0", 
 "NODE_0000309": "0", 
 "p1.B8": "0", 
 "p1.B9": "0", 
 "p1.B2": "0", 
 "p1.B3": "0", 
 "p1.B1": "0", 
 "p1.B6": "0", 
 "p1.B7": "0", 
 "p1.B4": "0", 
 "p1.B5": "0", 
 "NODE_0000036": "0", 
 "NODE_0000037": "0", 
 "p13.G10": "0", 
 "p13.G12": "0", 
 "NODE_0000012": "0", 
 "NODE_0000013": "0", 
 "NODE_0000010": "0", 
 "NODE_0000011": "0", 
 "NODE_0000016": "0", 
 "NODE_0000017": "0", 
 "NODE_0000014": "0", 
 "NODE_0000015": "0", 
 "NODE_0000018": "0", 
 "NODE_0000019": "0", 
 "NODE_0000786": "0", 
 "NODE_0000039": "0", 
 "NODE_0000496": "0", 
 "NODE_0000497": "0", 
 "NODE_0000494": "0", 
 "NODE_0000495": "0", 
 "NODE_0000492": "0", 
 "NODE_0000493": "0", 
 "NODE_0000490": "0", 
 "NODE_0000491": "0", 
 "p12.B12": "3", 
 "NODE_0000498": "0", 
 "NODE_0000499": "0", 
 "NODE_0000278": "0", 
 "NODE_0000279": "0", 
 "NODE_0000276": "0", 
 "NODE_0000277": "0", 
 "NODE_0000274": "0", 
 "NODE_0000275": "0", 
 "NODE_0000272": "0", 
 "NODE_0000273": "0", 
 "NODE_0000270": "0", 
 "NODE_0000271": "0", 
 "NODE_0000478": "0", 
 "NODE_0000479": "0", 
 "NODE_0000474": "0", 
 "NODE_0000475": "0", 
 "NODE_0000476": "0", 
 "NODE_0000477": "0", 
 "NODE_0000470": "0", 
 "NODE_0000471": "0", 
 "NODE_0000472": "0", 
 "NODE_0000473": "0", 
 "p3.B1": "0", 
 "p3.B2": "0", 
 "p3.B4": "0", 
 "p3.B5": "0", 
 "p3.B6": "0", 
 "p3.B7": "0", 
 "p3.B8": "0", 
 "p3.B9": "0", 
 "p7.E9": "0", 
 "p7.E8": "0", 
 "p7.E1": "3", 
 "p7.E3": "0", 
 "p7.E2": "0", 
 "p7.E5": "3", 
 "p7.E4": "0", 
 "p7.E7": "0", 
 "p7.E6": "3", 
 "p9.H1": "0", 
 "p9.H2": "3", 
 "p9.H3": "3", 
 "p9.H4": "0", 
 "p9.H5": "0", 
 "p9.H6": "3", 
 "p9.H7": "3", 
 "p9.H8": "0", 
 "p9.H9": "0", 
 "p11.A9": "0", 
 "p11.A8": "3", 
 "p11.A5": "0", 
 "p11.A4": "0", 
 "p11.A7": "3", 
 "p11.A6": "0", 
 "p11.A1": "3", 
 "p12.D12": "3", 
 "p11.A3": "0", 
 "p11.A2": "0", 
 "p2.H10": "0", 
 "p6.G8": "0", 
 "p6.G9": "0", 
 "p6.G4": "0", 
 "p6.G5": "0", 
 "p6.G6": "0", 
 "p2.H12": "0", 
 "p6.G1": "0", 
 "p6.G2": "0", 
 "p6.G3": "0", 
 "NODE_0001059": "0", 
 "NODE_0001058": "0", 
 "NODE_0001051": "0", 
 "NODE_0001050": "0", 
 "NODE_0001053": "0", 
 "NODE_0001052": "0", 
 "NODE_0001055": "0", 
 "NODE_0001054": "0", 
 "NODE_0001057": "0", 
 "NODE_0001056": "0", 
 "p4.B10": "0", 
 "p8.H12": "0", 
 "p8.H11": "0", 
 "p8.H10": "0", 
 "p11.F12": "3", 
 "p11.F10": "3", 
 "p11.F11": "0", 
 "p8.G8": "0", 
 "p8.G9": "0", 
 "p6.D11": "0", 
 "p6.D10": "0", 
 "p8.G2": "0", 
 "p8.G3": "0", 
 "p8.G1": "0", 
 "p8.G6": "0", 
 "p8.G7": "0", 
 "p8.G4": "0", 
 "p8.G5": "0", 
 "NODE_0000555": "0", 
 "p11.F7": "0", 
 "NODE_0000552": "0", 
 "NODE_0000863": "0", 
 "NODE_0000862": "0", 
 "NODE_0000861": "0", 
 "NODE_0000860": "0", 
 "NODE_0000867": "0", 
 "NODE_0000866": "0", 
 "NODE_0000865": "0", 
 "NODE_0000864": "0", 
 "NODE_0000869": "0", 
 "NODE_0000868": "0", 
 "p8.B10": "0", 
 "NODE_0000919": "3", 
 "NODE_0000918": "3", 
 "NODE_0000917": "3", 
 "NODE_0000916": "3", 
 "NODE_0000915": "3", 
 "NODE_0000914": "3", 
 "NODE_0000913": "3", 
 "NODE_0000912": "3", 
 "NODE_0000911": "3", 
 "NODE_0000910": "3", 
 "p1.A7": "0", 
 "p1.A6": "0", 
 "p1.A5": "0", 
 "NODE_0000312": "0", 
 "p1.A3": "0", 
 "p1.A2": "0", 
 "p1.A1": "0", 
 "NODE_0000316": "0", 
 "NODE_0000319": "0", 
 "NODE_0000318": "0", 
 "NODE_0000649": "0", 
 "NODE_0000648": "0", 
 "NODE_0000009": "0", 
 "NODE_0000008": "0", 
 "NODE_0000005": "0", 
 "NODE_0000004": "0", 
 "NODE_0000007": "0", 
 "NODE_0000006": "0", 
 "NODE_0000001": "0", 
 "NODE_0000003": "0", 
 "NODE_0000002": "0", 
 "NODE_0000734": "3", 
 "NODE_0000481": "0", 
 "NODE_0000480": "0", 
 "NODE_0000483": "0", 
 "NODE_0000482": "0", 
 "NODE_0000485": "0", 
 "NODE_0000484": "0", 
 "p13.D10": "0", 
 "NODE_0000486": "0", 
 "NODE_0000489": "0", 
 "NODE_0000488": "0", 
 "NODE_0000269": "0", 
 "NODE_0000268": "0", 
 "NODE_0000261": "0", 
 "NODE_0000260": "0", 
 "NODE_0000263": "0", 
 "NODE_0000262": "0", 
 "NODE_0000265": "0", 
 "NODE_0000264": "0", 
 "NODE_0000267": "0", 
 "NODE_0000266": "0", 
 "p12.C10": "0", 
 "p12.C11": "0", 
 "p12.C12": "3", 
 "NODE_0000469": "0", 
 "NODE_0000468": "0", 
 "NODE_0000467": "0", 
 "NODE_0000466": "0", 
 "NODE_0000465": "0", 
 "NODE_0000464": "0", 
 "NODE_0000463": "0", 
 "NODE_0000462": "0", 
 "NODE_0000461": "0", 
 "NODE_0000460": "0", 
 "p13.B8": "0", 
 "p13.B9": "3", 
 "p13.B6": "0", 
 "p13.B7": "0", 
 "p13.B4": "0", 
 "p13.B5": "0", 
 "p13.B2": "0", 
 "p13.B3": "0", 
 "p13.B1": "0", 
 "p7.D8": "0", 
 "p7.D9": "0", 
 "p7.D2": "0", 
 "p7.D3": "0", 
 "p7.D1": "0", 
 "p7.D6": "0", 
 "p7.D7": "0", 
 "p7.D4": "0", 
 "p7.D5": "0", 
 "p9.G9": "0", 
 "p9.G8": "3", 
 "p9.G5": "0", 
 "p9.G4": "3", 
 "p9.G7": "3", 
 "p9.G6": "0", 
 "p9.G1": "0", 
 "p9.G3": "3", 
 "p9.G2": "3", 
 "p11.B8": "3", 
 "p11.B9": "0", 
 "p11.B1": "0", 
 "p11.B2": "0", 
 "p11.B4": "0", 
 "p11.B5": "0", 
 "p11.B6": "0", 
 "p11.B7": "0", 
 "p2.G10": "0", 
 "p2.G11": "0", 
 "p11.C1": "0", 
 "p5.D4": "0", 
 "p5.D5": "0", 
 "p1.F6": "0", 
 "NODE_0000691": "3", 
 "p5.D7": "0", 
 "p1.F4": "0", 
 "NODE_0000341": "1", 
 "NODE_0000694": "3", 
 "NODE_0000695": "3", 
 "NODE_0000344": "3", 
 "NODE_0000435": "0", 
 "NODE_0000697": "3", 
 "p12.B10": "0", 
 "p5.F11": "0", 
 "p5.F12": "0", 
 "p8.E12": "0", 
 "p8.E10": "3", 
 "p8.E11": "0", 
 "p8.D6": "0", 
 "p8.D5": "0", 
 "p8.D4": "0", 
 "p8.D3": "0", 
 "p8.D2": "0", 
 "p8.D1": "0", 
 "p8.D9": "3", 
 "p8.D8": "0", 
 "NODE_0000858": "0", 
 "NODE_0000859": "0", 
 "NODE_0000856": "0", 
 "NODE_0000857": "0", 
 "NODE_0000854": "0", 
 "NODE_0000855": "0", 
 "NODE_0000852": "0", 
 "NODE_0000853": "0", 
 "NODE_0000850": "0", 
 "NODE_0000851": "0", 
 "p11.C12": "0", 
 "p11.C11": "0", 
 "p11.C10": "0", 
 "p1.B10": "0", 
 "p1.B11": "3", 
 "p1.B12": "3", 
 "p7.G10": "0", 
 "NODE_0000928": "3", 
 "NODE_0000929": "3", 
 "NODE_0000922": "3", 
 "NODE_0000923": "3", 
 "NODE_0000920": "3", 
 "NODE_0000921": "3", 
 "NODE_0000926": "3", 
 "NODE_0000927": "3", 
 "NODE_0000924": "3", 
 "NODE_0000925": "3", 
 "NODE_0000672": "0", 
 "NODE_0000673": "0", 
 "NODE_0000670": "0", 
 "NODE_0000671": "0", 
 "NODE_0000676": "0", 
 "NODE_0000677": "0", 
 "NODE_0000674": "0", 
 "NODE_0000675": "0", 
 "NODE_0000678": "0", 
 "NODE_0000679": "0", 
 "NODE_0000078": "0", 
 "NODE_0000079": "0", 
 "NODE_0000070": "0", 
 "NODE_0000071": "0", 
 "NODE_0000072": "0", 
 "NODE_0000073": "0", 
 "NODE_0000074": "0", 
 "NODE_0000075": "0", 
 "NODE_0000076": "0", 
 "NODE_0000077": "0", 
 "p6.C12": "0", 
 "p6.C10": "0", 
 "p6.C11": "0", 
 "p3.F5": "0", 
 "p3.F6": "0", 
 "NODE_0000294": "0", 
 "NODE_0000295": "0", 
 "NODE_0000296": "0", 
 "NODE_0000297": "0", 
 "NODE_0000290": "0", 
 "NODE_0000291": "0", 
 "NODE_0000292": "0", 
 "NODE_0000293": "0", 
 "NODE_0000298": "0", 
 "NODE_0000299": "0", 
 "p3.F1": "0", 
 "NODE_0000104": "0", 
 "NODE_0000105": "0", 
 "NODE_0000106": "0", 
 "NODE_0000107": "0", 
 "NODE_0000100": "0", 
 "NODE_0000101": "0", 
 "NODE_0000102": "0", 
 "NODE_0000103": "0", 
 "NODE_0000452": "0", 
 "NODE_0000453": "0", 
 "NODE_0000450": "0", 
 "NODE_0000451": "0", 
 "NODE_0000456": "0", 
 "NODE_0000457": "0", 
 "NODE_0000454": "0", 
 "NODE_0000455": "0", 
 "NODE_0000117": "0", 
 "NODE_0000116": "0", 
 "NODE_0000115": "0", 
 "NODE_0000588": "0", 
 "NODE_0000589": "0", 
 "NODE_0000114": "0", 
 "p13.C9": "0", 
 "p13.C8": "0", 
 "p13.C5": "0", 
 "NODE_0000581": "0", 
 "NODE_0000582": "0", 
 "NODE_0000583": "0", 
 "p13.C1": "0", 
 "NODE_0000585": "0", 
 "p13.C3": "0", 
 "p13.C2": "0", 
 "NODE_0000111": "0", 
 "NODE_0000110": "0", 
 "p11.C7": "0", 
 "p11.C6": "0", 
 "p11.C5": "0", 
 "p11.C4": "0", 
 "p11.C3": "0", 
 "p11.C2": "0", 
 "p13.A11": "3", 
 "p13.A10": "3", 
 "p9.F6": "3", 
 "p9.F7": "3", 
 "p9.F4": "0", 
 "p9.F5": "3", 
 "p5.H8": "3", 
 "p5.H9": "3", 
 "p11.C9": "0", 
 "p11.C8": "0", 
 "p5.C5": "0", 
 "p5.C4": "0", 
 "p5.C7": "0", 
 "p5.C6": "0", 
 "p6.A8": "3", 
 "p6.A9": "3", 
 "p6.A2": "0", 
 "p6.A3": "0", 
 "p5.C2": "0", 
 "p6.A6": "0", 
 "p6.A7": "0", 
 "p6.A4": "0", 
 "p6.A5": "0", 
 "p7.G7": "0", 
 "p7.G6": "0", 
 "p7.G5": "0", 
 "p7.G4": "0", 
 "p7.G3": "3", 
 "p7.G2": "3", 
 "p7.G1": "0", 
 "p7.G9": "0", 
 "p7.G8": "3", 
 "p12.F11": "0", 
 "p12.F10": "0", 
 "p12.F12": "0", 
 "p8.E1": "0", 
 "p8.E2": "0", 
 "p8.E3": "0", 
 "p8.E4": "0", 
 "p8.E5": "0", 
 "p8.E6": "0", 
 "p8.E7": "0", 
 "p8.E8": "0", 
 "p8.E9": "3", 
 "p11.D11": "0", 
 "NODE_0000849": "0", 
 "NODE_0000848": "0", 
 "NODE_0000841": "0", 
 "NODE_0000840": "0", 
 "NODE_0000843": "0", 
 "NODE_0000842": "0", 
 "NODE_0000845": "0", 
 "NODE_0000844": "0", 
 "NODE_0000847": "0", 
 "NODE_0000846": "0", 
 "p9.G10": "3", 
 "NODE_0000935": "0", 
 "NODE_0000934": "0", 
 "NODE_0000937": "0", 
 "NODE_0000936": "0", 
 "NODE_0000931": "3", 
 "NODE_0000930": "3", 
 "NODE_0000933": "0", 
 "NODE_0000932": "3", 
 "p9.G12": "0", 
 "NODE_0000939": "0", 
 "NODE_0000938": "0", 
 "NODE_0000311": "0", 
 "NODE_0000310": "0", 
 "p8.H7": "0", 
 "NODE_0000313": "0", 
 "p1.A4": "0", 
 "NODE_0000315": "0", 
 "NODE_0000230": "0", 
 "NODE_0000314": "0", 
 "NODE_0000317": "0", 
 "NODE_0000640": "0", 
 "NODE_0000069": "0", 
 "NODE_0000068": "0", 
 "NODE_0000063": "0", 
 "NODE_0000062": "0", 
 "NODE_0000061": "0", 
 "NODE_0000060": "0", 
 "NODE_0000067": "0", 
 "NODE_0000066": "0", 
 "NODE_0000065": "0", 
 "NODE_0000064": "0", 
 "p1.A9": "0", 
 "p1.A8": "0", 
 "NODE_0000669": "0", 
 "NODE_0000668": "0", 
 "NODE_0000665": "0", 
 "NODE_0000664": "0", 
 "NODE_0000667": "0", 
 "NODE_0000666": "0", 
 "NODE_0000661": "0", 
 "NODE_0000660": "0", 
 "NODE_0000663": "0", 
 "NODE_0000662": "0", 
 "NODE_0000287": "0", 
 "NODE_0000286": "0", 
 "NODE_0000285": "0", 
 "NODE_0000284": "0", 
 "NODE_0000283": "0", 
 "NODE_0000282": "0", 
 "NODE_0000281": "0", 
 "NODE_0000280": "0", 
 "NODE_0000289": "0", 
 "NODE_0000288": "0", 
 "NODE_0000445": "0", 
 "NODE_0000444": "0", 
 "NODE_0000447": "0", 
 "NODE_0000446": "0", 
 "NODE_0000441": "0", 
 "NODE_0000440": "0", 
 "NODE_0000443": "0", 
 "NODE_0000442": "0", 
 "p13.F10": "0", 
 "p13.F11": "0", 
 "p13.F12": "0", 
 "NODE_0000449": "0", 
 "NODE_0000448": "0", 
 "NODE_0000119": "0", 
 "NODE_0000118": "0", 
 "NODE_0000599": "0", 
 "NODE_0000598": "0", 
 "NODE_0000593": "0", 
 "NODE_0000592": "0", 
 "NODE_0000591": "0", 
 "NODE_0000590": "0", 
 "NODE_0000597": "0", 
 "NODE_0000596": "0", 
 "NODE_0000595": "0", 
 "NODE_0000594": "0", 
 "NODE_0000793": "0", 
 "p11.D2": "0", 
 "p11.D3": "0", 
 "p9.E9": "0", 
 "p11.D1": "0", 
 "p11.D6": "0", 
 "p11.D4": "0", 
 "p9.E3": "0", 
 "p9.E2": "0", 
 "p11.D8": "0", 
 "p11.D9": "0", 
 "p9.E7": "3", 
 "p9.E6": "0", 
 "p9.E5": "0", 
 "p9.E4": "0", 
 "NODE_0000792": "0", 
 "p2.A8": "3", 
 "p2.A9": "0", 
 "p2.A6": "0", 
 "p2.A7": "3", 
 "p2.A4": "0", 
 "p2.A5": "0", 
 "p2.A2": "3", 
 "p2.A3": "0", 
 "p2.A1": "3"
}