{
 "p2.E10": "3", 
 "p2.E11": "3", 
 "p2.E12": "3", 
 "p12.E12": "3", 
 "p12.E10": "3", 
 "p12.E11": "3", 
 "p7.F1": "3", 
 "p7.F2": "3", 
 "p7.F3": "3", 
 "p7.F4": "3", 
 "p7.F5": "3", 
 "p7.F6": "3", 
 "p7.F7": "3", 
 "p7.F8": "3", 
 "p7.F9": "3", 
 "NODE_0000560": "3", 
 "p6.B7": "3", 
 "p6.B6": "3", 
 "p6.B5": "3", 
 "p6.B4": "3", 
 "p6.B3": "3", 
 "p6.B2": "3", 
 "p6.B1": "3", 
 "p6.B9": "3", 
 "p6.B8": "3", 
 "NODE_0000167": "3", 
 "NODE_0000164": "3", 
 "p12.E3": "3", 
 "NODE_0000162": "3", 
 "NODE_0000163": "3", 
 "NODE_0000160": "3", 
 "NODE_0000161": "3", 
 "p3.F12": "3", 
 "p3.F10": "3", 
 "p3.F11": "3", 
 "p8.A5": "3", 
 "p9.B10": "3", 
 "p9.B11": "3", 
 "p9.B12": "3", 
 "NODE_0000940": "3", 
 "NODE_0000941": "3", 
 "NODE_0000942": "3", 
 "NODE_0000943": "3", 
 "NODE_0000944": "3", 
 "NODE_0000945": "3", 
 "NODE_0000946": "3", 
 "NODE_0000947": "3", 
 "NODE_0000948": "3", 
 "NODE_0000949": "3", 
 "p7.D10": "3", 
 "p3.A2": "3", 
 "p4.H12": "3", 
 "p4.H11": "3", 
 "p4.H10": "3", 
 "p3.A5": "3", 
 "NODE_0000724": "3", 
 "NODE_0000725": "3", 
 "NODE_0000726": "3", 
 "NODE_0000727": "3", 
 "NODE_0000052": "3", 
 "NODE_0000053": "3", 
 "NODE_0000722": "3", 
 "NODE_0000723": "3", 
 "NODE_0000728": "3", 
 "NODE_0000729": "3", 
 "NODE_0000058": "3", 
 "NODE_0000059": "3", 
 "p3.A4": "3", 
 "NODE_0000618": "3", 
 "NODE_0000619": "3", 
 "NODE_0000610": "3", 
 "NODE_0000611": "3", 
 "NODE_0000612": "3", 
 "NODE_0000613": "3", 
 "NODE_0000614": "3", 
 "NODE_0000615": "3", 
 "NODE_0000616": "3", 
 "NODE_0000617": "3", 
 "NODE_0000487": "3", 
 "p13.D11": "3", 
 "NODE_0000122": "3", 
 "NODE_0000123": "3", 
 "NODE_0000120": "3", 
 "NODE_0000121": "3", 
 "NODE_0000126": "3", 
 "NODE_0000127": "3", 
 "NODE_0000124": "3", 
 "NODE_0000125": "3", 
 "NODE_0000438": "3", 
 "NODE_0000439": "3", 
 "NODE_0000128": "3", 
 "NODE_0000129": "3", 
 "p13.A4": "3", 
 "p13.A3": "3", 
 "p13.A2": "3", 
 "p13.A1": "3", 
 "p13.A8": "3", 
 "p9.D4": "3", 
 "p9.D5": "3", 
 "p9.D6": "3", 
 "p9.D7": "3", 
 "p9.D1": "3", 
 "p9.D2": "3", 
 "p9.D3": "3", 
 "p9.D8": "3", 
 "p9.D9": "3", 
 "p11.E1": "3", 
 "p11.E3": "3", 
 "p11.E2": "3", 
 "NODE_0000548": "3", 
 "p11.E4": "3", 
 "p11.E7": "3", 
 "p11.E6": "3", 
 "NODE_0000544": "3", 
 "NODE_0000545": "3", 
 "NODE_0000546": "3", 
 "NODE_0000547": "3", 
 "NODE_0000540": "3", 
 "NODE_0000541": "3", 
 "NODE_0000542": "3", 
 "NODE_0000543": "3", 
 "p3.D11": "3", 
 "p2.B9": "3", 
 "p2.B8": "3", 
 "p2.B3": "3", 
 "p2.B2": "3", 
 "p2.B1": "3", 
 "p2.B7": "3", 
 "p2.B6": "3", 
 "p2.B5": "3", 
 "p2.B4": "3", 
 "p2.F12": "3", 
 "p2.F11": "3", 
 "p2.F10": "3", 
 "p3.A11": "3", 
 "p3.A10": "3", 
 "p3.A12": "3", 
 "p4.B9": "3", 
 "p6.C1": "3", 
 "p6.C2": "3", 
 "p6.C3": "3", 
 "p6.C4": "3", 
 "p6.C5": "3", 
 "p6.C6": "3", 
 "p6.C7": "3", 
 "p6.C8": "3", 
 "p6.C9": "3", 
 "p5.G11": "3", 
 "p5.G10": "3", 
 "p5.G12": "3", 
 "p9.A11": "3", 
 "p9.A10": "3", 
 "p8.D12": "3", 
 "p8.D11": "3", 
 "p8.D10": "3", 
 "p13.E6": "3", 
 "NODE_0000550": "3", 
 "NODE_0000953": "3", 
 "NODE_0000952": "3", 
 "NODE_0000951": "3", 
 "NODE_0000950": "3", 
 "NODE_0000957": "3", 
 "NODE_0000956": "3", 
 "NODE_0000955": "3", 
 "NODE_0000954": "3", 
 "NODE_0000959": "3", 
 "NODE_0000958": "3", 
 "p4.C10": "3", 
 "p4.C11": "3", 
 "p4.C12": "3", 
 "p1.C11": "3", 
 "p1.C10": "3", 
 "p1.C12": "3", 
 "NODE_0000041": "3", 
 "NODE_0000040": "3", 
 "NODE_0000043": "3", 
 "NODE_0000042": "3", 
 "NODE_0000045": "3", 
 "NODE_0000044": "3", 
 "NODE_0000047": "3", 
 "NODE_0000046": "3", 
 "NODE_0000049": "3", 
 "NODE_0000048": "3", 
 "p3.F7": "3", 
 "NODE_0000739": "3", 
 "NODE_0000738": "3", 
 "NODE_0000609": "3", 
 "NODE_0000608": "3", 
 "NODE_0000603": "3", 
 "NODE_0000602": "3", 
 "NODE_0000601": "3", 
 "NODE_0000600": "3", 
 "NODE_0000607": "3", 
 "NODE_0000606": "3", 
 "NODE_0000605": "3", 
 "NODE_0000604": "3", 
 "NODE_0000139": "3", 
 "NODE_0000138": "3", 
 "NODE_0000135": "3", 
 "NODE_0000134": "3", 
 "NODE_0000137": "3", 
 "NODE_0000136": "3", 
 "NODE_0000131": "3", 
 "NODE_0000130": "3", 
 "NODE_0000133": "3", 
 "NODE_0000132": "3", 
 "NODE_0000423": "3", 
 "NODE_0000422": "3", 
 "NODE_0000421": "3", 
 "NODE_0000420": "3", 
 "NODE_0000427": "3", 
 "NODE_0000426": "3", 
 "NODE_0000425": "3", 
 "NODE_0000424": "3", 
 "NODE_0000429": "3", 
 "NODE_0000428": "3", 
 "p13.F2": "3", 
 "p13.F3": "3", 
 "p13.F1": "3", 
 "p13.F6": "3", 
 "p13.F7": "3", 
 "p13.F4": "3", 
 "p13.F5": "3", 
 "p13.F8": "3", 
 "p13.F9": "3", 
 "p6.B12": "3", 
 "p6.B11": "3", 
 "p6.B10": "3", 
 "p9.C1": "3", 
 "p9.C3": "3", 
 "p9.C2": "3", 
 "p9.C5": "3", 
 "p9.C4": "3", 
 "p9.C7": "3", 
 "p9.C6": "3", 
 "p9.C9": "3", 
 "p9.C8": "3", 
 "p11.F8": "3", 
 "p11.F9": "3", 
 "NODE_0000559": "3", 
 "NODE_0000558": "3", 
 "NODE_0000557": "3", 
 "NODE_0000556": "3", 
 "p11.F6": "3", 
 "NODE_0000554": "3", 
 "NODE_0000553": "3", 
 "p11.F1": "3", 
 "NODE_0000551": "3", 
 "p11.F3": "3", 
 "p2.C4": "3", 
 "p2.C5": "3", 
 "p2.C6": "3", 
 "p2.C7": "3", 
 "p2.C1": "3", 
 "p2.C2": "3", 
 "p2.C3": "3", 
 "p2.C8": "3", 
 "p2.C9": "3", 
 "p7.H8": "3", 
 "p7.H9": "3", 
 "p7.H6": "3", 
 "p7.H7": "3", 
 "p7.H4": "3", 
 "p7.H5": "3", 
 "p7.H2": "3", 
 "p7.H3": "3", 
 "p7.H1": "3", 
 "p11.H6": "3", 
 "p11.H7": "3", 
 "p11.H4": "3", 
 "p11.H5": "3", 
 "p5.C1": "3", 
 "p11.H3": "3", 
 "p5.C3": "3", 
 "p11.H1": "3", 
 "p5.C9": "3", 
 "p5.C8": "3", 
 "p11.H8": "3", 
 "p11.H9": "3", 
 "p3.G2": "3", 
 "p2.C12": "3", 
 "p2.C10": "3", 
 "p2.C11": "3", 
 "p8.H9": "3", 
 "p8.H8": "3", 
 "p8.H3": "3", 
 "p8.H2": "3", 
 "p8.H1": "3", 
 "p3.G1": "3", 
 "p8.H6": "3", 
 "p8.H5": "3", 
 "p8.H4": "3", 
 "p12.G11": "3", 
 "p12.G12": "3", 
 "p9.D12": "3", 
 "p9.D10": "3", 
 "p9.D11": "3", 
 "NODE_0000892": "3", 
 "NODE_0000893": "3", 
 "NODE_0000890": "3", 
 "NODE_0000891": "3", 
 "NODE_0000896": "3", 
 "NODE_0000897": "3", 
 "NODE_0000894": "3", 
 "NODE_0000895": "3", 
 "p3.G7": "3", 
 "NODE_0000898": "3", 
 "NODE_0000899": "3", 
 "NODE_0000148": "3", 
 "p3.G6": "3", 
 "NODE_0000149": "3", 
 "p1.F12": "3", 
 "NODE_0000968": "3", 
 "NODE_0000969": "3", 
 "NODE_0000966": "3", 
 "NODE_0000967": "3", 
 "NODE_0000964": "3", 
 "NODE_0000965": "3", 
 "NODE_0000962": "3", 
 "NODE_0000963": "3", 
 "NODE_0000960": "3", 
 "NODE_0000961": "3", 
 "p3.D10": "3", 
 "NODE_0000140": "3", 
 "NODE_0000141": "3", 
 "NODE_0000142": "3", 
 "p8.C3": "3", 
 "p3.G4": "3", 
 "NODE_0000143": "3", 
 "NODE_0000144": "3", 
 "NODE_0000145": "3", 
 "NODE_0000146": "3", 
 "NODE_0000147": "3", 
 "NODE_0000027": "3", 
 "NODE_0000026": "3", 
 "NODE_0000025": "3", 
 "NODE_0000024": "3", 
 "NODE_0000023": "3", 
 "NODE_0000022": "3", 
 "NODE_0000702": "3", 
 "NODE_0000703": "3", 
 "NODE_0000700": "3", 
 "NODE_0000701": "3", 
 "NODE_0000706": "3", 
 "NODE_0000707": "3", 
 "NODE_0000704": "3", 
 "NODE_0000705": "3", 
 "NODE_0000708": "3", 
 "NODE_0000709": "3", 
 "p5.B10": "3", 
 "p5.B11": "3", 
 "p5.B12": "3", 
 "NODE_0000636": "3", 
 "NODE_0000637": "3", 
 "NODE_0000634": "3", 
 "NODE_0000635": "3", 
 "NODE_0000632": "3", 
 "NODE_0000633": "3", 
 "NODE_0000630": "3", 
 "NODE_0000631": "3", 
 "NODE_0000638": "3", 
 "NODE_0000639": "3", 
 "p1.F10": "3", 
 "p12.G7": "3", 
 "p12.G4": "3", 
 "p12.G5": "3", 
 "p12.G2": "3", 
 "p12.G3": "3", 
 "NODE_0000418": "3", 
 "p12.G1": "3", 
 "NODE_0000416": "3", 
 "NODE_0000417": "3", 
 "NODE_0000414": "3", 
 "NODE_0000415": "3", 
 "NODE_0000412": "3", 
 "NODE_0000413": "3", 
 "NODE_0000410": "3", 
 "NODE_0000411": "3", 
 "p3.H1": "3", 
 "NODE_0000388": "3", 
 "NODE_0000389": "3", 
 "NODE_0000386": "3", 
 "NODE_0000387": "3", 
 "NODE_0000384": "3", 
 "NODE_0000385": "3", 
 "NODE_0000382": "3", 
 "NODE_0000383": "3", 
 "NODE_0000380": "3", 
 "NODE_0000381": "3", 
 "p13.G1": "3", 
 "p13.G3": "3", 
 "p13.G2": "3", 
 "p13.G5": "3", 
 "p13.G4": "3", 
 "p13.G7": "3", 
 "p13.G6": "3", 
 "p13.G9": "3", 
 "p13.G8": "3", 
 "p3.H8": "3", 
 "p3.H5": "3", 
 "p7.B12": "3", 
 "p7.B10": "3", 
 "p7.B11": "3", 
 "p13.D12": "3", 
 "p9.B2": "3", 
 "p9.B3": "3", 
 "p3.H9": "3", 
 "p9.B6": "3", 
 "p9.B7": "3", 
 "p9.B4": "3", 
 "p9.B5": "3", 
 "p9.B8": "3", 
 "p9.B9": "3", 
 "p11.G9": "3", 
 "p11.G8": "3", 
 "p11.G3": "3", 
 "p11.G2": "3", 
 "p11.G1": "3", 
 "NODE_0000561": "3", 
 "NODE_0000566": "3", 
 "NODE_0000567": "3", 
 "p11.G5": "3", 
 "p11.G4": "3", 
 "p2.D1": "3", 
 "NODE_0000098": "3", 
 "NODE_0000099": "3", 
 "p2.D5": "3", 
 "p2.D4": "3", 
 "p2.D7": "3", 
 "p2.D6": "3", 
 "NODE_0000092": "3", 
 "NODE_0000093": "3", 
 "NODE_0000090": "3", 
 "NODE_0000091": "3", 
 "NODE_0000096": "3", 
 "NODE_0000097": "3", 
 "NODE_0000094": "3", 
 "NODE_0000095": "3", 
 "p4.H9": "3", 
 "p4.H8": "3", 
 "p4.H7": "3", 
 "p4.H6": "3", 
 "p4.H5": "3", 
 "p4.H4": "3", 
 "p4.H3": "3", 
 "p4.H2": "3", 
 "p4.H1": "3", 
 "p9.B1": "3", 
 "p2.D11": "3", 
 "p2.D10": "3", 
 "p2.D12": "3", 
 "p5.B6": "3", 
 "p5.B7": "3", 
 "p5.B4": "3", 
 "p5.B5": "3", 
 "p5.B2": "3", 
 "p5.B3": "3", 
 "p5.B1": "3", 
 "p5.B8": "3", 
 "p5.B9": "3", 
 "NODE_0000568": "3", 
 "p4.F5": "3", 
 "p4.F4": "3", 
 "p4.F7": "3", 
 "NODE_0000569": "3", 
 "p4.F1": "3", 
 "p4.F3": "3", 
 "p4.F2": "3", 
 "p4.F9": "3", 
 "p4.F8": "3", 
 "NODE_0000562": "3", 
 "NODE_0000889": "3", 
 "NODE_0000888": "3", 
 "NODE_0000563": "3", 
 "NODE_0000885": "3", 
 "NODE_0000884": "3", 
 "NODE_0000887": "3", 
 "NODE_0000886": "3", 
 "NODE_0000881": "3", 
 "NODE_0000880": "3", 
 "NODE_0000883": "3", 
 "NODE_0000882": "3", 
 "p13.H12": "3", 
 "p3.G12": "3", 
 "p13.H10": "3", 
 "p13.H11": "3", 
 "p11.G7": "3", 
 "p11.G6": "3", 
 "NODE_0000564": "3", 
 "NODE_0000565": "3", 
 "p5.H11": "3", 
 "p4.D6": "3", 
 "p2.D3": "3", 
 "p2.D2": "3", 
 "NODE_0000979": "3", 
 "NODE_0000978": "3", 
 "NODE_0000971": "3", 
 "NODE_0000970": "3", 
 "NODE_0000973": "3", 
 "NODE_0000972": "3", 
 "NODE_0000975": "3", 
 "NODE_0000974": "3", 
 "NODE_0000977": "3", 
 "NODE_0000976": "3", 
 "p2.D9": "3", 
 "p2.D8": "3", 
 "p5.A12": "3", 
 "p5.A11": "3", 
 "p5.A10": "3", 
 "p7.D12": "3", 
 "p9.C11": "3", 
 "p9.C10": "3", 
 "p9.C12": "3", 
 "p5.F10": "3", 
 "p7.E11": "3", 
 "p7.E10": "3", 
 "p7.E12": "3", 
 "p12.H9": "3", 
 "p12.H8": "3", 
 "p12.H3": "3", 
 "p12.H2": "3", 
 "p12.H1": "3", 
 "p12.H7": "3", 
 "p12.H6": "3", 
 "p12.H5": "3", 
 "p12.H4": "3", 
 "NODE_0000621": "3", 
 "NODE_0000620": "3", 
 "NODE_0000623": "3", 
 "NODE_0000622": "3", 
 "NODE_0000625": "3", 
 "NODE_0000624": "3", 
 "NODE_0000627": "3", 
 "NODE_0000626": "3", 
 "NODE_0000629": "3", 
 "NODE_0000628": "3", 
 "NODE_0000409": "3", 
 "NODE_0000408": "3", 
 "NODE_0000159": "3", 
 "NODE_0000158": "3", 
 "p12.F1": "3", 
 "p12.F3": "3", 
 "p12.F2": "3", 
 "NODE_0000153": "3", 
 "NODE_0000152": "3", 
 "NODE_0000151": "3", 
 "NODE_0000150": "3", 
 "NODE_0000157": "3", 
 "NODE_0000156": "3", 
 "NODE_0000155": "3", 
 "NODE_0000154": "3", 
 "NODE_0000399": "3", 
 "NODE_0000398": "3", 
 "NODE_0000391": "3", 
 "NODE_0000390": "3", 
 "NODE_0000393": "3", 
 "NODE_0000392": "3", 
 "NODE_0000395": "3", 
 "NODE_0000394": "3", 
 "NODE_0000397": "3", 
 "NODE_0000396": "3", 
 "p13.D8": "3", 
 "p13.D9": "3", 
 "p13.D4": "3", 
 "p13.D5": "3", 
 "p13.D6": "3", 
 "p13.D7": "3", 
 "p13.D1": "3", 
 "p13.D2": "3", 
 "p13.D3": "3", 
 "NODE_0000719": "3", 
 "NODE_0000718": "3", 
 "NODE_0000715": "3", 
 "NODE_0000714": "3", 
 "NODE_0000717": "3", 
 "NODE_0000716": "3", 
 "NODE_0000711": "3", 
 "NODE_0000710": "3", 
 "NODE_0000713": "3", 
 "NODE_0000712": "3", 
 "p3.E5": "3", 
 "p3.E4": "3", 
 "p3.E7": "3", 
 "p3.E6": "3", 
 "p3.E1": "3", 
 "p9.A9": "3", 
 "p3.E2": "3", 
 "p9.A7": "3", 
 "p9.A6": "3", 
 "p9.A5": "3", 
 "p9.A4": "3", 
 "p3.E9": "3", 
 "p3.E8": "3", 
 "p9.A1": "3", 
 "NODE_0000575": "3", 
 "NODE_0000574": "3", 
 "NODE_0000577": "3", 
 "NODE_0000576": "3", 
 "NODE_0000571": "3", 
 "NODE_0000570": "3", 
 "NODE_0000573": "3", 
 "NODE_0000572": "3", 
 "NODE_0000579": "3", 
 "NODE_0000578": "3", 
 "p6.A12": "3", 
 "NODE_0000085": "3", 
 "NODE_0000084": "3", 
 "NODE_0000087": "3", 
 "NODE_0000086": "3", 
 "NODE_0000081": "3", 
 "NODE_0000080": "3", 
 "NODE_0000083": "3", 
 "NODE_0000082": "3", 
 "p2.E8": "3", 
 "p2.E9": "3", 
 "NODE_0000089": "3", 
 "NODE_0000088": "3", 
 "NODE_0000056": "3", 
 "NODE_0000057": "3", 
 "NODE_0000054": "3", 
 "NODE_0000055": "3", 
 "NODE_0000720": "3", 
 "NODE_0000721": "3", 
 "NODE_0000050": "3", 
 "NODE_0000051": "3", 
 "p12.B1": "3", 
 "p12.B3": "3", 
 "NODE_0000356": "3", 
 "p12.B5": "3", 
 "p8.G10": "3", 
 "p8.G11": "3", 
 "p8.G12": "3", 
 "p12.B7": "3", 
 "p12.B6": "3", 
 "NODE_0000683": "3", 
 "NODE_0000681": "3", 
 "p5.A3": "3", 
 "p5.A2": "3", 
 "p5.A1": "3", 
 "p5.A7": "3", 
 "p5.A6": "3", 
 "p5.A5": "3", 
 "p5.A4": "3", 
 "NODE_0000687": "3", 
 "p5.A9": "3", 
 "p5.A8": "3", 
 "NODE_0000686": "3", 
 "NODE_0000685": "3", 
 "p1.E4": "3", 
 "p1.E8": "3", 
 "NODE_0001028": "3", 
 "NODE_0001029": "3", 
 "NODE_0001024": "3", 
 "NODE_0001025": "3", 
 "NODE_0001026": "3", 
 "NODE_0001027": "3", 
 "NODE_0001020": "3", 
 "NODE_0001021": "3", 
 "NODE_0001022": "3", 
 "NODE_0001023": "3", 
 "p4.G6": "3", 
 "p4.G7": "3", 
 "p4.G4": "3", 
 "p4.G2": "3", 
 "p4.G3": "3", 
 "p4.G1": "3", 
 "p4.G8": "3", 
 "p4.G9": "3", 
 "p11.A11": "3", 
 "p11.A10": "3", 
 "p11.A12": "3", 
 "NODE_0000342": "3", 
 "NODE_0000343": "3", 
 "NODE_0000340": "3", 
 "NODE_0000984": "3", 
 "NODE_0000985": "3", 
 "NODE_0000986": "3", 
 "NODE_0000987": "3", 
 "NODE_0000980": "3", 
 "NODE_0000981": "3", 
 "NODE_0000982": "3", 
 "NODE_0000983": "3", 
 "NODE_0000988": "3", 
 "NODE_0000989": "3", 
 "p9.A2": "3", 
 "NODE_0000346": "3", 
 "NODE_0000113": "3", 
 "p1.D12": "3", 
 "p1.D10": "3", 
 "NODE_0000347": "3", 
 "NODE_0000112": "3", 
 "p1.D11": "3", 
 "p4.B11": "3", 
 "p3.A9": "3", 
 "p4.B12": "3", 
 "p3.A8": "3", 
 "p12.B8": "3", 
 "p3.A1": "3", 
 "NODE_0000345": "3", 
 "p3.A3": "3", 
 "NODE_0000166": "3", 
 "p12.E1": "3", 
 "p12.E2": "3", 
 "NODE_0000165": "3", 
 "p12.E4": "3", 
 "p12.E5": "3", 
 "p12.E6": "3", 
 "p12.E7": "3", 
 "p12.E8": "3", 
 "p12.E9": "3", 
 "NODE_0000168": "3", 
 "NODE_0000169": "3", 
 "NODE_0000364": "3", 
 "NODE_0000365": "3", 
 "NODE_0000366": "3", 
 "NODE_0000367": "3", 
 "NODE_0000360": "3", 
 "NODE_0000361": "3", 
 "NODE_0000362": "3", 
 "NODE_0000363": "3", 
 "p13.C11": "3", 
 "p13.C10": "3", 
 "p13.C12": "3", 
 "NODE_0000368": "3", 
 "NODE_0000369": "3", 
 "NODE_0000430": "3", 
 "p13.E9": "3", 
 "p13.E8": "3", 
 "NODE_0000431": "3", 
 "p13.E3": "3", 
 "p13.E2": "3", 
 "p13.E1": "3", 
 "p13.E7": "3", 
 "NODE_0000432": "3", 
 "p13.E4": "3", 
 "NODE_0000768": "3", 
 "NODE_0000769": "3", 
 "NODE_0000433": "3", 
 "NODE_0000760": "3", 
 "NODE_0000434": "3", 
 "NODE_0000762": "3", 
 "NODE_0000763": "3", 
 "NODE_0000764": "3", 
 "NODE_0000765": "3", 
 "NODE_0000766": "3", 
 "NODE_0000767": "3", 
 "p3.D6": "3", 
 "p3.D4": "3", 
 "p3.D5": "3", 
 "p3.D2": "3", 
 "NODE_0000436": "3", 
 "p3.D1": "3", 
 "NODE_0000437": "3", 
 "p3.D8": "3", 
 "p3.D9": "3", 
 "NODE_0000500": "3", 
 "NODE_0000501": "3", 
 "NODE_0000502": "3", 
 "NODE_0000503": "3", 
 "NODE_0000504": "3", 
 "NODE_0000505": "3", 
 "NODE_0000506": "3", 
 "NODE_0000507": "3", 
 "NODE_0000508": "3", 
 "NODE_0000509": "3", 
 "p5.H10": "3", 
 "p2.F9": "3", 
 "p2.F8": "3", 
 "p2.F7": "3", 
 "p2.F6": "3", 
 "p2.F5": "3", 
 "p2.F4": "3", 
 "p2.F3": "3", 
 "p2.F2": "3", 
 "p2.F1": "3", 
 "p2.H5": "3", 
 "p2.H4": "3", 
 "p2.H7": "3", 
 "p2.H6": "3", 
 "p2.H1": "3", 
 "p2.H2": "3", 
 "p2.H9": "3", 
 "p2.H8": "3", 
 "NODE_0000218": "3", 
 "NODE_0000219": "3", 
 "NODE_0000214": "3", 
 "NODE_0000215": "3", 
 "NODE_0000216": "3", 
 "NODE_0000217": "3", 
 "NODE_0000210": "3", 
 "NODE_0000211": "3", 
 "NODE_0000212": "3", 
 "NODE_0000213": "3", 
 "NODE_0000188": "3", 
 "NODE_0000189": "3", 
 "NODE_0000184": "3", 
 "NODE_0000185": "3", 
 "NODE_0000186": "3", 
 "NODE_0000187": "3", 
 "NODE_0000180": "3", 
 "NODE_0000181": "3", 
 "NODE_0000182": "3", 
 "NODE_0000183": "3", 
 "p5.H2": "3", 
 "NODE_0001039": "3", 
 "NODE_0001038": "3", 
 "NODE_0001037": "3", 
 "NODE_0001036": "3", 
 "NODE_0001035": "3", 
 "NODE_0001034": "3", 
 "NODE_0001033": "3", 
 "NODE_0001032": "3", 
 "NODE_0001031": "3", 
 "NODE_0001030": "3", 
 "p4.D3": "3", 
 "p4.D2": "3", 
 "p4.D1": "3", 
 "p3.A7": "3", 
 "p4.D4": "3", 
 "p4.D9": "3", 
 "p4.D8": "3", 
 "p7.G12": "3", 
 "p7.G11": "3", 
 "p11.B12": "3", 
 "p11.B10": "3", 
 "p11.B11": "3", 
 "NODE_0000997": "3", 
 "NODE_0000996": "3", 
 "NODE_0000995": "3", 
 "NODE_0000994": "3", 
 "NODE_0000993": "3", 
 "NODE_0000992": "3", 
 "NODE_0000991": "3", 
 "NODE_0000990": "3", 
 "NODE_0000999": "3", 
 "NODE_0000998": "3", 
 "p12.H12": "3", 
 "p12.H11": "3", 
 "p12.H10": "3", 
 "NODE_0000549": "3", 
 "p3.A6": "3", 
 "p11.E9": "3", 
 "p11.E8": "3", 
 "p4.F6": "3", 
 "p3.E11": "3", 
 "p3.E10": "3", 
 "p3.E12": "3", 
 "p6.H11": "3", 
 "p6.H10": "3", 
 "p6.H12": "3", 
 "NODE_0000171": "3", 
 "NODE_0000170": "3", 
 "NODE_0000173": "3", 
 "NODE_0000172": "3", 
 "NODE_0000175": "3", 
 "NODE_0000174": "3", 
 "NODE_0000177": "3", 
 "p12.D8": "3", 
 "p12.D7": "3", 
 "p12.D6": "3", 
 "p12.D5": "3", 
 "p12.D2": "3", 
 "p12.D1": "3", 
 "NODE_0000377": "3", 
 "NODE_0000376": "3", 
 "NODE_0000375": "3", 
 "NODE_0000374": "3", 
 "NODE_0000373": "3", 
 "NODE_0000372": "3", 
 "NODE_0000371": "3", 
 "NODE_0000370": "3", 
 "p1.G9": "3", 
 "p1.G8": "3", 
 "NODE_0000379": "3", 
 "NODE_0000378": "3", 
 "p11.H10": "3", 
 "p11.H11": "3", 
 "p11.H12": "3", 
 "NODE_0000779": "3", 
 "NODE_0000778": "3", 
 "NODE_0000773": "3", 
 "NODE_0000772": "3", 
 "NODE_0000771": "3", 
 "NODE_0000770": "3", 
 "NODE_0000777": "3", 
 "NODE_0000776": "3", 
 "NODE_0000775": "3", 
 "NODE_0000774": "3", 
 "p3.G3": "3", 
 "p13.H1": "3", 
 "p13.H2": "3", 
 "p13.H3": "3", 
 "p1.G11": "3", 
 "p1.G10": "3", 
 "p13.H6": "3", 
 "p1.G12": "3", 
 "p13.H8": "3", 
 "p13.H9": "3", 
 "p3.G9": "3", 
 "p3.G8": "3", 
 "NODE_0000513": "3", 
 "NODE_0000512": "3", 
 "NODE_0000511": "3", 
 "NODE_0000510": "3", 
 "NODE_0000517": "3", 
 "NODE_0000516": "3", 
 "NODE_0000515": "3", 
 "NODE_0000514": "3", 
 "NODE_0000519": "3", 
 "NODE_0000518": "3", 
 "p2.G8": "3", 
 "p2.G9": "3", 
 "p2.G1": "3", 
 "p2.G2": "3", 
 "p2.G3": "3", 
 "p2.G4": "3", 
 "p2.G5": "3", 
 "p2.G6": "3", 
 "p2.G7": "3", 
 "NODE_0000209": "3", 
 "NODE_0000208": "3", 
 "NODE_0000207": "3", 
 "NODE_0000206": "3", 
 "NODE_0000205": "3", 
 "NODE_0000204": "3", 
 "NODE_0000203": "3", 
 "NODE_0000202": "3", 
 "NODE_0000201": "3", 
 "NODE_0000200": "3", 
 "p4.G11": "3", 
 "p4.G12": "3", 
 "NODE_0000199": "3", 
 "NODE_0000198": "3", 
 "NODE_0000197": "3", 
 "NODE_0000196": "3", 
 "NODE_0000195": "3", 
 "NODE_0000194": "3", 
 "NODE_0000193": "3", 
 "NODE_0000192": "3", 
 "NODE_0000191": "3", 
 "NODE_0000190": "3", 
 "p3.G11": "3", 
 "p3.G10": "3", 
 "p6.H1": "3", 
 "p6.H3": "3", 
 "p6.H2": "3", 
 "p6.H5": "3", 
 "p6.H4": "3", 
 "p6.H7": "3", 
 "p6.H6": "3", 
 "p6.H9": "3", 
 "p6.H8": "3", 
 "p6.G10": "3", 
 "p6.G11": "3", 
 "p5.G9": "3", 
 "p5.G8": "3", 
 "p5.G1": "3", 
 "p5.G3": "3", 
 "p5.G2": "3", 
 "p5.G5": "3", 
 "p5.G4": "3", 
 "p5.G7": "3", 
 "p5.G6": "3", 
 "NODE_0001008": "3", 
 "NODE_0001009": "3", 
 "p12.D9": "3", 
 "NODE_0001002": "3", 
 "NODE_0001003": "3", 
 "NODE_0001000": "3", 
 "NODE_0000176": "3", 
 "NODE_0001006": "3", 
 "NODE_0001007": "3", 
 "NODE_0001004": "3", 
 "NODE_0001005": "3", 
 "NODE_0000179": "3", 
 "p4.E8": "3", 
 "p4.E9": "3", 
 "NODE_0000178": "3", 
 "p4.E4": "3", 
 "p4.E5": "3", 
 "p4.E6": "3", 
 "p4.E1": "3", 
 "p4.E2": "3", 
 "p4.E3": "3", 
 "p8.A12": "3", 
 "p8.A10": "3", 
 "p8.A11": "3", 
 "p1.G5": "3", 
 "p1.G4": "3", 
 "p1.G7": "3", 
 "p1.G6": "3", 
 "p1.G1": "3", 
 "p1.G3": "3", 
 "p1.G2": "3", 
 "p12.G8": "3", 
 "p8.B5": "3", 
 "p8.B4": "3", 
 "p8.B7": "3", 
 "p8.B6": "3", 
 "p8.B3": "3", 
 "p8.B2": "3", 
 "p8.B9": "3", 
 "p8.B8": "3", 
 "p5.D12": "3", 
 "p5.D10": "3", 
 "p5.C10": "3", 
 "NODE_0000038": "3", 
 "NODE_0000838": "3", 
 "NODE_0000839": "3", 
 "NODE_0000834": "3", 
 "NODE_0000835": "3", 
 "NODE_0000836": "3", 
 "NODE_0000837": "3", 
 "NODE_0000830": "3", 
 "NODE_0000831": "3", 
 "NODE_0000832": "3", 
 "NODE_0000833": "3", 
 "p6.D1": "3", 
 "p1.H8": "3", 
 "p1.H9": "3", 
 "p1.H1": "3", 
 "p1.H2": "3", 
 "p1.H3": "3", 
 "p1.H4": "3", 
 "p1.H5": "3", 
 "p1.H6": "3", 
 "p1.H7": "3", 
 "p12.C8": "3", 
 "p12.C9": "3", 
 "p12.C2": "3", 
 "p12.C3": "3", 
 "p12.C1": "3", 
 "p12.C6": "3", 
 "p12.C7": "3", 
 "p12.C5": "3", 
 "NODE_0000690": "3", 
 "p1.F7": "3", 
 "NODE_0000692": "3", 
 "NODE_0000693": "3", 
 "p1.F2": "3", 
 "p1.F3": "3", 
 "NODE_0000696": "3", 
 "p1.F1": "3", 
 "NODE_0000698": "3", 
 "NODE_0000699": "3", 
 "NODE_0000348": "3", 
 "NODE_0000349": "3", 
 "p1.F8": "3", 
 "p1.F9": "3", 
 "p12.A12": "3", 
 "p12.A10": "3", 
 "p12.A11": "3", 
 "NODE_0000746": "3", 
 "NODE_0000747": "3", 
 "NODE_0000744": "3", 
 "NODE_0000745": "3", 
 "NODE_0000742": "3", 
 "NODE_0000743": "3", 
 "NODE_0000740": "3", 
 "NODE_0000741": "3", 
 "NODE_0000748": "3", 
 "NODE_0000749": "3", 
 "p3.F8": "3", 
 "NODE_0000528": "3", 
 "NODE_0000529": "3", 
 "NODE_0000526": "3", 
 "NODE_0000527": "3", 
 "NODE_0000524": "3", 
 "NODE_0000525": "3", 
 "NODE_0000522": "3", 
 "NODE_0000523": "3", 
 "NODE_0000520": "3", 
 "NODE_0000521": "3", 
 "p4.D12": "3", 
 "p4.D11": "3", 
 "p4.D10": "3", 
 "p13.H4": "3", 
 "p13.H5": "3", 
 "p3.G5": "3", 
 "p13.H7": "3", 
 "NODE_0000874": "3", 
 "NODE_0000875": "3", 
 "NODE_0001062": "3", 
 "NODE_0000238": "3", 
 "NODE_0000239": "3", 
 "NODE_0000232": "3", 
 "NODE_0000233": "3", 
 "NODE_0000647": "3", 
 "NODE_0000231": "3", 
 "NODE_0000236": "3", 
 "NODE_0000237": "3", 
 "NODE_0000234": "3", 
 "NODE_0000235": "3", 
 "p3.B12": "3", 
 "p3.B10": "3", 
 "p3.B11": "3", 
 "NODE_0000458": "3", 
 "NODE_0000459": "3", 
 "NODE_0000646": "3", 
 "p7.A5": "3", 
 "p7.A4": "3", 
 "p7.A7": "3", 
 "p7.A6": "3", 
 "p7.A1": "3", 
 "p7.A3": "3", 
 "p7.A2": "3", 
 "p7.A9": "3", 
 "p7.A8": "3", 
 "NODE_0000645": "3", 
 "NODE_0000108": "3", 
 "NODE_0000109": "3", 
 "p5.F8": "3", 
 "p5.F9": "3", 
 "NODE_0000644": "3", 
 "p5.F2": "3", 
 "p5.F3": "3", 
 "p5.F1": "3", 
 "p5.F6": "3", 
 "p5.F7": "3", 
 "p5.F4": "3", 
 "p5.F5": "3", 
 "p8.F11": "3", 
 "p8.F10": "3", 
 "p8.F12": "3", 
 "p7.C12": "3", 
 "NODE_0000643": "3", 
 "NODE_0001015": "3", 
 "NODE_0001014": "3", 
 "NODE_0001017": "3", 
 "NODE_0001016": "3", 
 "NODE_0001011": "3", 
 "NODE_0001010": "3", 
 "NODE_0001013": "3", 
 "NODE_0001012": "3", 
 "NODE_0001019": "3", 
 "NODE_0001018": "3", 
 "NODE_0000642": "3", 
 "p4.B8": "3", 
 "p4.B1": "3", 
 "p4.B3": "3", 
 "p4.B2": "3", 
 "p4.B5": "3", 
 "p4.B4": "3", 
 "p4.B7": "3", 
 "NODE_0000641": "3", 
 "p7.H10": "3", 
 "p7.H11": "3", 
 "p7.H12": "3", 
 "NODE_0000580": "3", 
 "p13.C4": "3", 
 "p13.C7": "3", 
 "p13.C6": "3", 
 "NODE_0000584": "3", 
 "p8.C6": "3", 
 "p8.C7": "3", 
 "p8.C4": "3", 
 "p8.C5": "3", 
 "p8.C2": "3", 
 "NODE_0000586": "3", 
 "p8.C1": "3", 
 "NODE_0000587": "3", 
 "p8.C8": "3", 
 "p8.C9": "3", 
 "NODE_0000829": "3", 
 "NODE_0000828": "3", 
 "NODE_0000827": "3", 
 "NODE_0000826": "3", 
 "NODE_0000825": "3", 
 "NODE_0000824": "3", 
 "NODE_0000823": "3", 
 "NODE_0000822": "3", 
 "NODE_0000821": "3", 
 "NODE_0000820": "3", 
 "p5.H4": "3", 
 "p5.H5": "3", 
 "p5.H6": "3", 
 "p5.H7": "3", 
 "p5.H1": "3", 
 "p12.B9": "3", 
 "NODE_0000654": "3", 
 "NODE_0000359": "3", 
 "NODE_0000358": "3", 
 "NODE_0000655": "3", 
 "NODE_0000355": "3", 
 "NODE_0000354": "3", 
 "NODE_0000357": "3", 
 "p12.B2": "3", 
 "NODE_0000351": "3", 
 "NODE_0000350": "3", 
 "NODE_0000353": "3", 
 "NODE_0000352": "3", 
 "p1.E3": "3", 
 "NODE_0000682": "3", 
 "p1.E1": "3", 
 "NODE_0000680": "3", 
 "p1.E7": "3", 
 "p1.E6": "3", 
 "p1.E5": "3", 
 "NODE_0000684": "3", 
 "NODE_0000650": "3", 
 "NODE_0000689": "3", 
 "NODE_0000688": "3", 
 "NODE_0000651": "3", 
 "NODE_0000652": "3", 
 "p9.F2": "3", 
 "NODE_0000653": "3", 
 "p9.F3": "3", 
 "NODE_0000751": "3", 
 "NODE_0000750": "3", 
 "NODE_0000753": "3", 
 "NODE_0000752": "3", 
 "NODE_0000755": "3", 
 "NODE_0000754": "3", 
 "NODE_0000757": "3", 
 "NODE_0000756": "3", 
 "NODE_0000759": "3", 
 "NODE_0000758": "3", 
 "p9.F1": "3", 
 "NODE_0000539": "3", 
 "NODE_0000538": "3", 
 "NODE_0000531": "3", 
 "NODE_0000530": "3", 
 "NODE_0000533": "3", 
 "NODE_0000532": "3", 
 "NODE_0000535": "3", 
 "NODE_0000534": "3", 
 "NODE_0000537": "3", 
 "NODE_0000536": "3", 
 "p13.B10": "3", 
 "NODE_0000225": "3", 
 "NODE_0000224": "3", 
 "NODE_0000227": "3", 
 "NODE_0000226": "3", 
 "NODE_0000221": "3", 
 "NODE_0000220": "3", 
 "NODE_0000223": "3", 
 "NODE_0000222": "3", 
 "NODE_0000229": "3", 
 "NODE_0000228": "3", 
 "p2.A10": "3", 
 "p2.A11": "3", 
 "p5.E7": "3", 
 "p5.E6": "3", 
 "p5.E4": "3", 
 "p5.E3": "3", 
 "p5.E2": "3", 
 "p5.E1": "3", 
 "p5.E9": "3", 
 "p5.E8": "3", 
 "p7.A11": "3", 
 "p7.A10": "3", 
 "p7.A12": "3", 
 "p6.D5": "3", 
 "p6.D4": "3", 
 "p6.D7": "3", 
 "p6.D6": "3", 
 "NODE_0000656": "3", 
 "p6.D3": "3", 
 "p6.D2": "3", 
 "p6.D9": "3", 
 "p6.D8": "3", 
 "NODE_0001060": "3", 
 "NODE_0001061": "3", 
 "NODE_0000657": "3", 
 "NODE_0001063": "3", 
 "p4.C8": "3", 
 "p4.C9": "3", 
 "p4.C2": "3", 
 "p4.C3": "3", 
 "p4.C1": "3", 
 "p4.C6": "3", 
 "p4.C7": "3", 
 "p4.C4": "3", 
 "p4.C5": "3", 
 "p6.A1": "3", 
 "p11.G12": "3", 
 "p11.G11": "3", 
 "p11.G10": "3", 
 "p6.E10": "3", 
 "p6.E11": "3", 
 "p12.F4": "3", 
 "p12.F7": "3", 
 "p12.F6": "3", 
 "NODE_0000401": "3", 
 "NODE_0000400": "3", 
 "NODE_0000403": "3", 
 "NODE_0000402": "3", 
 "p12.F9": "3", 
 "NODE_0000404": "3", 
 "NODE_0000407": "3", 
 "NODE_0000406": "3", 
 "p8.C10": "3", 
 "p8.C11": "3", 
 "NODE_0000818": "3", 
 "NODE_0000819": "3", 
 "NODE_0000812": "3", 
 "NODE_0000813": "3", 
 "NODE_0000810": "3", 
 "NODE_0000811": "3", 
 "NODE_0000816": "3", 
 "NODE_0000817": "3", 
 "NODE_0000814": "3", 
 "NODE_0000815": "3", 
 "NODE_0000405": "3", 
 "NODE_0000328": "3", 
 "NODE_0000329": "3", 
 "NODE_0000320": "3", 
 "NODE_0000321": "3", 
 "NODE_0000322": "3", 
 "NODE_0000323": "3", 
 "NODE_0000324": "3", 
 "NODE_0000325": "3", 
 "NODE_0000326": "3", 
 "NODE_0000327": "3", 
 "p1.D8": "3", 
 "p1.D9": "3", 
 "p1.D4": "3", 
 "p1.D5": "3", 
 "p1.D6": "3", 
 "p1.D7": "3", 
 "p1.D1": "3", 
 "p1.D2": "3", 
 "p1.D3": "3", 
 "p13.E12": "3", 
 "p13.E11": "3", 
 "p13.E10": "3", 
 "p3.H7": "3", 
 "NODE_0000034": "3", 
 "NODE_0000035": "3", 
 "NODE_0000788": "3", 
 "NODE_0000789": "3", 
 "NODE_0000030": "3", 
 "NODE_0000031": "3", 
 "NODE_0000032": "3", 
 "NODE_0000033": "3", 
 "NODE_0000782": "3", 
 "NODE_0000783": "3", 
 "NODE_0000780": "3", 
 "NODE_0000781": "3", 
 "p12.B11": "3", 
 "NODE_0000787": "3", 
 "NODE_0000784": "3", 
 "NODE_0000785": "3", 
 "p12.A4": "3", 
 "p12.A5": "3", 
 "p12.A6": "3", 
 "p12.A7": "3", 
 "p2.H11": "3", 
 "p12.A1": "3", 
 "p12.A2": "3", 
 "p12.A3": "3", 
 "p12.A8": "3", 
 "p12.A9": "3", 
 "p2.B12": "3", 
 "p3.F2": "3", 
 "p2.B10": "3", 
 "NODE_0000250": "3", 
 "NODE_0000251": "3", 
 "NODE_0000252": "3", 
 "NODE_0000253": "3", 
 "NODE_0000254": "3", 
 "NODE_0000255": "3", 
 "NODE_0000256": "3", 
 "NODE_0000257": "3", 
 "NODE_0000258": "3", 
 "NODE_0000259": "3", 
 "p1.H12": "3", 
 "p7.C2": "3", 
 "p1.H10": "3", 
 "p1.H11": "3", 
 "p7.C7": "3", 
 "p7.C6": "3", 
 "p7.C5": "3", 
 "p7.C4": "3", 
 "p7.C9": "3", 
 "p7.C8": "3", 
 "p5.D1": "3", 
 "p5.D2": "3", 
 "p5.D3": "3", 
 "p4.F11": "3", 
 "p4.F10": "3", 
 "p5.D6": "3", 
 "p4.F12": "3", 
 "p5.D8": "3", 
 "p5.D9": "3", 
 "p9.A8": "3", 
 "p9.E8": "3", 
 "p6.E6": "3", 
 "p6.E7": "3", 
 "p6.E4": "3", 
 "p6.E5": "3", 
 "p6.E2": "3", 
 "p6.E3": "3", 
 "p6.E1": "3", 
 "p9.A3": "3", 
 "p6.E8": "3", 
 "p6.E9": "3", 
 "p9.F10": "3", 
 "p9.F11": "3", 
 "p6.F12": "3", 
 "p6.F11": "3", 
 "p6.F10": "3", 
 "NODE_0001001": "3", 
 "p6.A10": "3", 
 "p6.A11": "3", 
 "p2.E2": "3", 
 "p2.E3": "3", 
 "p2.E1": "3", 
 "p2.E6": "3", 
 "p2.E7": "3", 
 "p2.E4": "3", 
 "p9.E12": "3", 
 "p9.E11": "3", 
 "p9.E10": "3", 
 "p8.A8": "3", 
 "p8.A9": "3", 
 "p3.H2": "3", 
 "p8.A7": "3", 
 "p8.A1": "3", 
 "p8.A2": "3", 
 "NODE_0000419": "3", 
 "NODE_0000761": "3", 
 "p9.E1": "3", 
 "p7.F12": "3", 
 "p7.F10": "3", 
 "p7.F11": "3", 
 "NODE_0000805": "3", 
 "NODE_0000804": "3", 
 "NODE_0000807": "3", 
 "NODE_0000806": "3", 
 "NODE_0000801": "3", 
 "NODE_0000800": "3", 
 "NODE_0000803": "3", 
 "NODE_0000802": "3", 
 "NODE_0000809": "3", 
 "NODE_0000808": "3", 
 "p12.F8": "3", 
 "p5.E12": "3", 
 "p5.E11": "3", 
 "p5.E10": "3", 
 "p3.H6": "3", 
 "NODE_0000339": "3", 
 "NODE_0000338": "3", 
 "NODE_0000333": "3", 
 "NODE_0000332": "3", 
 "NODE_0000331": "3", 
 "NODE_0000330": "3", 
 "NODE_0000337": "3", 
 "NODE_0000336": "3", 
 "NODE_0000335": "3", 
 "NODE_0000334": "3", 
 "p1.C9": "3", 
 "p1.C8": "3", 
 "p1.C1": "3", 
 "p1.C3": "3", 
 "p1.C2": "3", 
 "p1.C5": "3", 
 "p1.C4": "3", 
 "p1.C7": "3", 
 "p1.C6": "3", 
 "p11.F2": "3", 
 "NODE_0000795": "3", 
 "NODE_0000794": "3", 
 "NODE_0000797": "3", 
 "NODE_0000796": "3", 
 "NODE_0000791": "3", 
 "NODE_0000790": "3", 
 "NODE_0000021": "3", 
 "NODE_0000020": "3", 
 "p4.A12": "3", 
 "p4.A10": "3", 
 "p4.A11": "3", 
 "NODE_0000799": "3", 
 "NODE_0000798": "3", 
 "NODE_0000029": "3", 
 "NODE_0000028": "3", 
 "p1.A12": "3", 
 "p1.A11": "3", 
 "p1.A10": "3", 
 "NODE_0000737": "3", 
 "NODE_0000736": "3", 
 "NODE_0000735": "3", 
 "NODE_0000243": "3", 
 "NODE_0000242": "3", 
 "NODE_0000241": "3", 
 "NODE_0000240": "3", 
 "NODE_0000247": "3", 
 "NODE_0000246": "3", 
 "NODE_0000245": "3", 
 "NODE_0000244": "3", 
 "NODE_0000733": "3", 
 "NODE_0000249": "3", 
 "NODE_0000248": "3", 
 "NODE_0000732": "3", 
 "NODE_0000731": "3", 
 "p7.C3": "3", 
 "NODE_0000730": "3", 
 "p3.C6": "3", 
 "p3.C5": "3", 
 "p3.C4": "3", 
 "p3.C3": "3", 
 "p3.C2": "3", 
 "p3.C1": "3", 
 "p12.G6": "3", 
 "p3.C9": "3", 
 "p3.C8": "3", 
 "p7.B8": "3", 
 "p7.B9": "3", 
 "p7.B4": "3", 
 "p7.B5": "3", 
 "p7.B6": "3", 
 "p7.B7": "3", 
 "p7.B1": "3", 
 "p7.B2": "3", 
 "p7.B3": "3", 
 "p7.C1": "3", 
 "p3.C12": "3", 
 "p3.C11": "3", 
 "p3.C10": "3", 
 "p6.F3": "3", 
 "p6.F2": "3", 
 "p6.F1": "3", 
 "p6.F7": "3", 
 "p6.F6": "3", 
 "p6.F5": "3", 
 "p6.F4": "3", 
 "p6.F9": "3", 
 "p6.F8": "3", 
 "NODE_0001048": "3", 
 "NODE_0001049": "3", 
 "NODE_0001046": "3", 
 "NODE_0001047": "3", 
 "NODE_0001044": "3", 
 "NODE_0001045": "3", 
 "NODE_0001042": "3", 
 "NODE_0001043": "3", 
 "NODE_0001040": "3", 
 "NODE_0001041": "3", 
 "p4.A1": "3", 
 "p4.A2": "3", 
 "p4.A3": "3", 
 "p4.A4": "3", 
 "p4.A5": "3", 
 "p4.A6": "3", 
 "p4.A7": "3", 
 "p4.A8": "3", 
 "p4.A9": "3", 
 "p1.F5": "3", 
 "p9.F8": "3", 
 "p9.F9": "3", 
 "p8.F8": "3", 
 "p8.F1": "3", 
 "p8.F3": "3", 
 "p8.F2": "3", 
 "p8.F5": "3", 
 "p8.F4": "3", 
 "p8.F7": "3", 
 "p8.F6": "3", 
 "p6.G7": "3", 
 "NODE_0000870": "3", 
 "NODE_0000871": "3", 
 "NODE_0000872": "3", 
 "NODE_0000873": "3", 
 "p11.E11": "3", 
 "p11.E10": "3", 
 "NODE_0000876": "3", 
 "NODE_0000877": "3", 
 "NODE_0000878": "3", 
 "NODE_0000879": "3", 
 "p9.H10": "3", 
 "p9.H11": "3", 
 "NODE_0000908": "3", 
 "NODE_0000909": "3", 
 "NODE_0000904": "3", 
 "NODE_0000905": "3", 
 "NODE_0000906": "3", 
 "NODE_0000907": "3", 
 "NODE_0000900": "3", 
 "NODE_0000901": "3", 
 "NODE_0000902": "3", 
 "NODE_0000903": "3", 
 "NODE_0000306": "3", 
 "NODE_0000307": "3", 
 "NODE_0000304": "3", 
 "NODE_0000305": "3", 
 "NODE_0000302": "3", 
 "NODE_0000303": "3", 
 "NODE_0000300": "3", 
 "NODE_0000301": "3", 
 "NODE_0000658": "3", 
 "NODE_0000659": "3", 
 "NODE_0000308": "3", 
 "NODE_0000309": "3", 
 "p1.B8": "3", 
 "p1.B9": "3", 
 "p1.B2": "3", 
 "p1.B3": "3", 
 "p1.B1": "3", 
 "p1.B6": "3", 
 "p1.B7": "3", 
 "p1.B4": "3", 
 "p1.B5": "3", 
 "NODE_0000036": "3", 
 "NODE_0000037": "3", 
 "p13.G10": "3", 
 "p13.G12": "3", 
 "NODE_0000012": "3", 
 "NODE_0000013": "3", 
 "NODE_0000010": "3", 
 "NODE_0000011": "3", 
 "NODE_0000016": "3", 
 "NODE_0000017": "3", 
 "NODE_0000014": "3", 
 "NODE_0000015": "3", 
 "NODE_0000018": "3", 
 "NODE_0000019": "3", 
 "NODE_0000786": "3", 
 "NODE_0000039": "3", 
 "NODE_0000496": "3", 
 "NODE_0000497": "3", 
 "NODE_0000494": "3", 
 "NODE_0000495": "3", 
 "NODE_0000492": "3", 
 "NODE_0000493": "3", 
 "NODE_0000490": "3", 
 "NODE_0000491": "3", 
 "p12.B12": "3", 
 "NODE_0000498": "3", 
 "NODE_0000499": "3", 
 "NODE_0000278": "3", 
 "NODE_0000279": "3", 
 "NODE_0000276": "3", 
 "NODE_0000277": "3", 
 "NODE_0000274": "3", 
 "NODE_0000275": "3", 
 "NODE_0000272": "3", 
 "NODE_0000273": "3", 
 "NODE_0000270": "3", 
 "NODE_0000271": "3", 
 "NODE_0000478": "3", 
 "NODE_0000479": "3", 
 "NODE_0000474": "3", 
 "NODE_0000475": "3", 
 "NODE_0000476": "3", 
 "NODE_0000477": "3", 
 "NODE_0000470": "3", 
 "NODE_0000471": "3", 
 "NODE_0000472": "3", 
 "NODE_0000473": "3", 
 "p3.B1": "3", 
 "p3.B2": "3", 
 "p3.B4": "3", 
 "p3.B5": "3", 
 "p3.B6": "3", 
 "p3.B7": "3", 
 "p3.B8": "3", 
 "p3.B9": "3", 
 "p7.E9": "3", 
 "p7.E8": "3", 
 "p7.E1": "3", 
 "p7.E3": "3", 
 "p7.E2": "3", 
 "p7.E5": "3", 
 "p7.E4": "3", 
 "p7.E7": "3", 
 "p7.E6": "3", 
 "p9.H1": "3", 
 "p9.H2": "3", 
 "p9.H3": "3", 
 "p9.H4": "3", 
 "p9.H5": "3", 
 "p9.H6": "3", 
 "p9.H7": "3", 
 "p9.H8": "3", 
 "p9.H9": "3", 
 "p11.A9": "3", 
 "p11.A8": "3", 
 "p11.A5": "3", 
 "p11.A4": "3", 
 "p11.A7": "3", 
 "p11.A6": "3", 
 "p11.A1": "3", 
 "p12.D12": "3", 
 "p11.A3": "3", 
 "p11.A2": "3", 
 "p2.H10": "3", 
 "p6.G8": "3", 
 "p6.G9": "3", 
 "p6.G4": "3", 
 "p6.G5": "3", 
 "p6.G6": "3", 
 "p2.H12": "3", 
 "p6.G1": "3", 
 "p6.G2": "3", 
 "p6.G3": "3", 
 "NODE_0001059": "3", 
 "NODE_0001058": "3", 
 "NODE_0001051": "3", 
 "NODE_0001050": "3", 
 "NODE_0001053": "3", 
 "NODE_0001052": "3", 
 "NODE_0001055": "3", 
 "NODE_0001054": "3", 
 "NODE_0001057": "3", 
 "NODE_0001056": "3", 
 "p4.B10": "3", 
 "p8.H12": "3", 
 "p8.H11": "3", 
 "p8.H10": "3", 
 "p11.F12": "3", 
 "p11.F10": "3", 
 "p11.F11": "3", 
 "p8.G8": "3", 
 "p8.G9": "3", 
 "p6.D11": "3", 
 "p6.D10": "3", 
 "p8.G2": "3", 
 "p8.G3": "3", 
 "p8.G1": "3", 
 "p8.G6": "3", 
 "p8.G7": "3", 
 "p8.G4": "3", 
 "p8.G5": "3", 
 "NODE_0000555": "3", 
 "p11.F7": "3", 
 "NODE_0000552": "3", 
 "NODE_0000863": "3", 
 "NODE_0000862": "3", 
 "NODE_0000861": "3", 
 "NODE_0000860": "3", 
 "NODE_0000867": "3", 
 "NODE_0000866": "3", 
 "NODE_0000865": "3", 
 "NODE_0000864": "3", 
 "NODE_0000869": "3", 
 "NODE_0000868": "3", 
 "p8.B10": "3", 
 "NODE_0000919": "3", 
 "NODE_0000918": "3", 
 "NODE_0000917": "3", 
 "NODE_0000916": "3", 
 "NODE_0000915": "3", 
 "NODE_0000914": "3", 
 "NODE_0000913": "3", 
 "NODE_0000912": "3", 
 "NODE_0000911": "3", 
 "NODE_0000910": "3", 
 "p1.A7": "3", 
 "p1.A6": "3", 
 "p1.A5": "3", 
 "NODE_0000312": "3", 
 "p1.A3": "3", 
 "p1.A2": "3", 
 "p1.A1": "3", 
 "NODE_0000316": "3", 
 "NODE_0000319": "3", 
 "NODE_0000318": "3", 
 "NODE_0000649": "3", 
 "NODE_0000648": "3", 
 "NODE_0000009": "3", 
 "NODE_0000008": "3", 
 "NODE_0000005": "3", 
 "NODE_0000004": "3", 
 "NODE_0000007": "3", 
 "NODE_0000006": "3", 
 "NODE_0000001": "3", 
 "NODE_0000003": "3", 
 "NODE_0000002": "3", 
 "NODE_0000734": "3", 
 "NODE_0000481": "3", 
 "NODE_0000480": "3", 
 "NODE_0000483": "3", 
 "NODE_0000482": "3", 
 "NODE_0000485": "3", 
 "NODE_0000484": "3", 
 "p13.D10": "3", 
 "NODE_0000486": "3", 
 "NODE_0000489": "3", 
 "NODE_0000488": "3", 
 "NODE_0000269": "3", 
 "NODE_0000268": "3", 
 "NODE_0000261": "3", 
 "NODE_0000260": "3", 
 "NODE_0000263": "3", 
 "NODE_0000262": "3", 
 "NODE_0000265": "3", 
 "NODE_0000264": "3", 
 "NODE_0000267": "3", 
 "NODE_0000266": "3", 
 "p12.C10": "3", 
 "p12.C11": "3", 
 "p12.C12": "3", 
 "NODE_0000469": "3", 
 "NODE_0000468": "3", 
 "NODE_0000467": "3", 
 "NODE_0000466": "3", 
 "NODE_0000465": "3", 
 "NODE_0000464": "3", 
 "NODE_0000463": "3", 
 "NODE_0000462": "3", 
 "NODE_0000461": "3", 
 "NODE_0000460": "3", 
 "p13.B8": "3", 
 "p13.B9": "3", 
 "p13.B6": "3", 
 "p13.B7": "3", 
 "p13.B4": "3", 
 "p13.B5": "3", 
 "p13.B2": "3", 
 "p13.B3": "3", 
 "p13.B1": "3", 
 "p7.D8": "3", 
 "p7.D9": "3", 
 "p7.D2": "3", 
 "p7.D3": "3", 
 "p7.D1": "3", 
 "p7.D6": "3", 
 "p7.D7": "3", 
 "p7.D4": "3", 
 "p7.D5": "3", 
 "p9.G9": "3", 
 "p9.G8": "3", 
 "p9.G5": "3", 
 "p9.G4": "3", 
 "p9.G7": "3", 
 "p9.G6": "3", 
 "p9.G1": "3", 
 "p9.G3": "3", 
 "p9.G2": "3", 
 "p11.B8": "3", 
 "p11.B9": "3", 
 "p11.B1": "3", 
 "p11.B2": "3", 
 "p11.B4": "3", 
 "p11.B5": "3", 
 "p11.B6": "3", 
 "p11.B7": "3", 
 "p2.G10": "3", 
 "p2.G11": "3", 
 "p11.C1": "3", 
 "p5.D4": "3", 
 "p5.D5": "3", 
 "p1.F6": "3", 
 "NODE_0000691": "3", 
 "p5.D7": "3", 
 "p1.F4": "3", 
 "NODE_0000341": "3", 
 "NODE_0000694": "3", 
 "NODE_0000695": "3", 
 "NODE_0000344": "3", 
 "NODE_0000435": "3", 
 "NODE_0000697": "3", 
 "p12.B10": "3", 
 "p5.F11": "3", 
 "p5.F12": "3", 
 "p8.E12": "3", 
 "p8.E10": "3", 
 "p8.E11": "3", 
 "p8.D6": "3", 
 "p8.D5": "3", 
 "p8.D4": "3", 
 "p8.D3": "3", 
 "p8.D2": "3", 
 "p8.D1": "3", 
 "p8.D9": "3", 
 "p8.D8": "3", 
 "NODE_0000858": "3", 
 "NODE_0000859": "3", 
 "NODE_0000856": "3", 
 "NODE_0000857": "3", 
 "NODE_0000854": "3", 
 "NODE_0000855": "3", 
 "NODE_0000852": "3", 
 "NODE_0000853": "3", 
 "NODE_0000850": "3", 
 "NODE_0000851": "3", 
 "p11.C12": "3", 
 "p11.C11": "3", 
 "p11.C10": "3", 
 "p1.B10": "3", 
 "p1.B11": "3", 
 "p1.B12": "3", 
 "p7.G10": "3", 
 "NODE_0000928": "3", 
 "NODE_0000929": "3", 
 "NODE_0000922": "3", 
 "NODE_0000923": "3", 
 "NODE_0000920": "3", 
 "NODE_0000921": "3", 
 "NODE_0000926": "3", 
 "NODE_0000927": "3", 
 "NODE_0000924": "3", 
 "NODE_0000925": "3", 
 "NODE_0000672": "3", 
 "NODE_0000673": "3", 
 "NODE_0000670": "3", 
 "NODE_0000671": "3", 
 "NODE_0000676": "3", 
 "NODE_0000677": "3", 
 "NODE_0000674": "3", 
 "NODE_0000675": "3", 
 "NODE_0000678": "3", 
 "NODE_0000679": "3", 
 "NODE_0000078": "3", 
 "NODE_0000079": "3", 
 "NODE_0000070": "3", 
 "NODE_0000071": "3", 
 "NODE_0000072": "3", 
 "NODE_0000073": "3", 
 "NODE_0000074": "3", 
 "NODE_0000075": "3", 
 "NODE_0000076": "3", 
 "NODE_0000077": "3", 
 "p6.C12": "3", 
 "p6.C10": "3", 
 "p6.C11": "3", 
 "p3.F5": "3", 
 "p3.F6": "3", 
 "NODE_0000294": "3", 
 "NODE_0000295": "3", 
 "NODE_0000296": "3", 
 "NODE_0000297": "3", 
 "NODE_0000290": "3", 
 "NODE_0000291": "3", 
 "NODE_0000292": "3", 
 "NODE_0000293": "3", 
 "NODE_0000298": "3", 
 "NODE_0000299": "3", 
 "p3.F1": "3", 
 "NODE_0000104": "3", 
 "NODE_0000105": "3", 
 "NODE_0000106": "3", 
 "NODE_0000107": "3", 
 "NODE_0000100": "3", 
 "NODE_0000101": "3", 
 "NODE_0000102": "3", 
 "NODE_0000103": "3", 
 "NODE_0000452": "3", 
 "NODE_0000453": "3", 
 "NODE_0000450": "3", 
 "NODE_0000451": "3", 
 "NODE_0000456": "3", 
 "NODE_0000457": "3", 
 "NODE_0000454": "3", 
 "NODE_0000455": "3", 
 "NODE_0000117": "3", 
 "NODE_0000116": "3", 
 "NODE_0000115": "3", 
 "NODE_0000588": "3", 
 "NODE_0000589": "3", 
 "NODE_0000114": "3", 
 "p13.C9": "3", 
 "p13.C8": "3", 
 "p13.C5": "3", 
 "NODE_0000581": "3", 
 "NODE_0000582": "3", 
 "NODE_0000583": "3", 
 "p13.C1": "3", 
 "NODE_0000585": "3", 
 "p13.C3": "3", 
 "p13.C2": "3", 
 "NODE_0000111": "3", 
 "NODE_0000110": "3", 
 "p11.C7": "3", 
 "p11.C6": "3", 
 "p11.C5": "3", 
 "p11.C4": "3", 
 "p11.C3": "3", 
 "p11.C2": "3", 
 "p13.A11": "3", 
 "p13.A10": "3", 
 "p9.F6": "3", 
 "p9.F7": "3", 
 "p9.F4": "3", 
 "p9.F5": "3", 
 "p5.H8": "3", 
 "p5.H9": "3", 
 "p11.C9": "3", 
 "p11.C8": "3", 
 "p5.C5": "3", 
 "p5.C4": "3", 
 "p5.C7": "3", 
 "p5.C6": "3", 
 "p6.A8": "3", 
 "p6.A9": "3", 
 "p6.A2": "3", 
 "p6.A3": "3", 
 "p5.C2": "3", 
 "p6.A6": "3", 
 "p6.A7": "3", 
 "p6.A4": "3", 
 "p6.A5": "3", 
 "p7.G7": "3", 
 "p7.G6": "3", 
 "p7.G5": "3", 
 "p7.G4": "3", 
 "p7.G3": "3", 
 "p7.G2": "3", 
 "p7.G1": "3", 
 "p7.G9": "3", 
 "p7.G8": "3", 
 "p12.F11": "3", 
 "p12.F10": "3", 
 "p12.F12": "3", 
 "p8.E1": "3", 
 "p8.E2": "3", 
 "p8.E3": "3", 
 "p8.E4": "3", 
 "p8.E5": "3", 
 "p8.E6": "3", 
 "p8.E7": "3", 
 "p8.E8": "3", 
 "p8.E9": "3", 
 "p11.D11": "3", 
 "NODE_0000849": "3", 
 "NODE_0000848": "3", 
 "NODE_0000841": "3", 
 "NODE_0000840": "3", 
 "NODE_0000843": "3", 
 "NODE_0000842": "3", 
 "NODE_0000845": "3", 
 "NODE_0000844": "3", 
 "NODE_0000847": "3", 
 "NODE_0000846": "3", 
 "p9.G10": "3", 
 "NODE_0000935": "3", 
 "NODE_0000934": "3", 
 "NODE_0000937": "3", 
 "NODE_0000936": "3", 
 "NODE_0000931": "3", 
 "NODE_0000930": "3", 
 "NODE_0000933": "3", 
 "NODE_0000932": "3", 
 "p9.G12": "3", 
 "NODE_0000939": "3", 
 "NODE_0000938": "3", 
 "NODE_0000311": "3", 
 "NODE_0000310": "3", 
 "p8.H7": "3", 
 "NODE_0000313": "3", 
 "p1.A4": "3", 
 "NODE_0000315": "3", 
 "NODE_0000230": "3", 
 "NODE_0000314": "3", 
 "NODE_0000317": "3", 
 "NODE_0000640": "3", 
 "NODE_0000069": "3", 
 "NODE_0000068": "3", 
 "NODE_0000063": "3", 
 "NODE_0000062": "3", 
 "NODE_0000061": "3", 
 "NODE_0000060": "3", 
 "NODE_0000067": "3", 
 "NODE_0000066": "3", 
 "NODE_0000065": "3", 
 "NODE_0000064": "3", 
 "p1.A9": "3", 
 "p1.A8": "3", 
 "NODE_0000669": "3", 
 "NODE_0000668": "3", 
 "NODE_0000665": "3", 
 "NODE_0000664": "3", 
 "NODE_0000667": "3", 
 "NODE_0000666": "3", 
 "NODE_0000661": "3", 
 "NODE_0000660": "3", 
 "NODE_0000663": "3", 
 "NODE_0000662": "3", 
 "NODE_0000287": "3", 
 "NODE_0000286": "3", 
 "NODE_0000285": "3", 
 "NODE_0000284": "3", 
 "NODE_0000283": "3", 
 "NODE_0000282": "3", 
 "NODE_0000281": "3", 
 "NODE_0000280": "3", 
 "NODE_0000289": "3", 
 "NODE_0000288": "3", 
 "NODE_0000445": "3", 
 "NODE_0000444": "3", 
 "NODE_0000447": "3", 
 "NODE_0000446": "3", 
 "NODE_0000441": "3", 
 "NODE_0000440": "3", 
 "NODE_0000443": "3", 
 "NODE_0000442": "3", 
 "p13.F10": "3", 
 "p13.F11": "3", 
 "p13.F12": "3", 
 "NODE_0000449": "3", 
 "NODE_0000448": "3", 
 "NODE_0000119": "3", 
 "NODE_0000118": "3", 
 "NODE_0000599": "3", 
 "NODE_0000598": "3", 
 "NODE_0000593": "3", 
 "NODE_0000592": "3", 
 "NODE_0000591": "3", 
 "NODE_0000590": "3", 
 "NODE_0000597": "3", 
 "NODE_0000596": "3", 
 "NODE_0000595": "3", 
 "NODE_0000594": "3", 
 "NODE_0000793": "3", 
 "p11.D2": "3", 
 "p11.D3": "3", 
 "p9.E9": "3", 
 "p11.D1": "3", 
 "p11.D6": "3", 
 "p11.D4": "3", 
 "p9.E3": "3", 
 "p9.E2": "3", 
 "p11.D8": "3", 
 "p11.D9": "3", 
 "p9.E7": "3", 
 "p9.E6": "3", 
 "p9.E5": "3", 
 "p9.E4": "3", 
 "NODE_0000792": "3", 
 "p2.A8": "3", 
 "p2.A9": "3", 
 "p2.A6": "3", 
 "p2.A7": "3", 
 "p2.A4": "3", 
 "p2.A5": "3", 
 "p2.A2": "3", 
 "p2.A3": "3", 
 "p2.A1": "3"
}