{"branch_length": 0.0001, "name": "NODE_0", "children": [{"branch_length": 0.17032, "name": "NODE_024", "children": [{"ann": "p7.H3|PKLBJHJI_04697-144-hypothetical_protein", "name": "p7.H3|PKLBJHJI_04697", "branch_length": 1e-06, "accession": "p7.H3"}, {"branch_length": 1e-06, "name": "NODE_023", "children": [{"ann": "p12.H2|FEJHGBIF_05451-540-hypothetical_protein", "name": "p12.H2|FEJHGBIF_05451", "branch_length": 1e-06, "accession": "p12.H2"}, {"branch_length": 1e-06, "name": "NODE_022", "children": [{"ann": "p3.G3|ELOMNJPH_01961-17-hypothetical_protein", "name": "p3.G3|ELOMNJPH_01961", "branch_length": 1e-06, "accession": "p3.G3"}, {"branch_length": 1e-06, "name": "NODE_021", "children": [{"ann": "p7.G2|EBLHDCIB_04787-305-hypothetical_protein", "name": "p7.G2|EBLHDCIB_04787", "branch_length": 1e-06, "accession": "p7.G2"}, {"branch_length": 1e-06, "name": "NODE_020", "children": [{"ann": "p13.H1|LEFJOEBJ_04739-99-hypothetical_protein", "name": "p13.H1|LEFJOEBJ_04739", "branch_length": 1e-06, "accession": "p13.H1"}, {"branch_length": 1e-06, "name": "NODE_019", "children": [{"ann": "p9.G3|OCAKPPDD_01508-25-hypothetical_protein", "name": "p9.G3|OCAKPPDD_01508", "branch_length": 1e-06, "accession": "p9.G3"}, {"branch_length": 1e-06, "name": "NODE_018", "children": [{"ann": "p5.H2|LMDBIGAL_03965-41-hypothetical_protein", "name": "p5.H2|LMDBIGAL_03965", "branch_length": 1e-06, "accession": "p5.H2"}, {"branch_length": 1e-06, "name": "NODE_017", "children": [{"ann": "p7.G3|AFAIAPPD_01021-15-hypothetical_protein", "name": "p7.G3|AFAIAPPD_01021", "branch_length": 1e-06, "accession": "p7.G3"}, {"branch_length": 1e-06, "name": "NODE_016", "children": [{"ann": "p3.H2|FECKGEAF_01726-14-hypothetical_protein", "name": "p3.H2|FECKGEAF_01726", "branch_length": 1e-06, "accession": "p3.H2"}, {"branch_length": 1e-06, "name": "NODE_015", "children": [{"ann": "p1.H3|PJODAKMO_02958-48-hypothetical_protein", "name": "p1.H3|PJODAKMO_02958", "branch_length": 1e-06, "accession": "p1.H3"}, {"branch_length": 1e-06, "name": "NODE_014", "children": [{"ann": "p9.G2|KHHLIFIP_01479-30-hypothetical_protein", "name": "p9.G2|KHHLIFIP_01479", "branch_length": 1e-06, "accession": "p9.G2"}, {"branch_length": 1e-06, "name": "NODE_013", "children": [{"ann": "p13.H2|GFNKCJJN_02352-628-hypothetical_protein", "name": "p13.H2|GFNKCJJN_02352", "branch_length": 1e-06, "accession": "p13.H2"}, {"ann": "p1.G2|OBEBNGGH_01043-22-hypothetical_protein", "name": "p1.G2|OBEBNGGH_01043", "branch_length": 1e-06, "accession": "p1.G2"}]}]}]}]}]}]}]}]}]}]}]}]}, {"branch_length": 0.17032, "name": "NODE_0", "children": [{"branch_length": 0.02669, "name": "NODE_0189", "children": [{"branch_length": 0.00055, "name": "NODE_049", "children": [{"ann": "p9.G4|POEDOKHD_04332-114-hypothetical_protein", "name": "p9.G4|POEDOKHD_04332", "branch_length": 1e-06, "accession": "p9.G4"}, {"branch_length": 1e-06, "name": "NODE_048", "children": [{"ann": "p2.D5|LDJICMHI_04526-45-hypothetical_protein", "name": "p2.D5|LDJICMHI_04526", "branch_length": 1e-06, "accession": "p2.D5"}, {"branch_length": 1e-06, "name": "NODE_047", "children": [{"ann": "p1.G4|IIBPMKLI_00868-4-hypothetical_protein", "name": "p1.G4|IIBPMKLI_00868", "branch_length": 1e-06, "accession": "p1.G4"}, {"branch_length": 1e-06, "name": "NODE_046", "children": [{"ann": "p4.C8|NLDJFNLK_00657-4-hypothetical_protein", "name": "p4.C8|NLDJFNLK_00657", "branch_length": 1e-06, "accession": "p4.C8"}, {"branch_length": 1e-06, "name": "NODE_045", "children": [{"ann": "p13.H3|AMPAOGIM_00616-1-hypothetical_protein", "name": "p13.H3|AMPAOGIM_00616", "branch_length": 1e-06, "accession": "p13.H3"}, {"branch_length": 1e-06, "name": "NODE_044", "children": [{"ann": "p4.E4|DJIKGLHA_04637-41-hypothetical_protein", "name": "p4.E4|DJIKGLHA_04637", "branch_length": 1e-06, "accession": "p4.E4"}, {"branch_length": 1e-06, "name": "NODE_043", "children": [{"ann": "p8.C7|NDPHJEPD_04470-61-hypothetical_protein", "name": "p8.C7|NDPHJEPD_04470", "branch_length": 1e-06, "accession": "p8.C7"}, {"branch_length": 1e-06, "name": "NODE_042", "children": [{"ann": "p8.B6|GGMJJHBI_02603-31-hypothetical_protein", "name": "p8.B6|GGMJJHBI_02603", "branch_length": 1e-06, "accession": "p8.B6"}, {"branch_length": 1e-06, "name": "NODE_041", "children": [{"ann": "p12.H4|KIGFCEHE_01088-5-hypothetical_protein", "name": "p12.H4|KIGFCEHE_01088", "branch_length": 1e-06, "accession": "p12.H4"}, {"branch_length": 1e-06, "name": "NODE_040", "children": [{"ann": "p4.C9|NEKIJGHO_00867-3-hypothetical_protein", "name": "p4.C9|NEKIJGHO_00867", "branch_length": 1e-06, "accession": "p4.C9"}, {"branch_length": 1e-06, "name": "NODE_039", "children": [{"ann": "p6.D5|GBGCKJDE_04996-60-hypothetical_protein", "name": "p6.D5|GBGCKJDE_04996", "branch_length": 1e-06, "accession": "p6.D5"}, {"branch_length": 1e-06, "name": "NODE_038", "children": [{"ann": "p11.B8|LEHKNCHI_04617-65-hypothetical_protein", "name": "p11.B8|LEHKNCHI_04617", "branch_length": 1e-06, "accession": "p11.B8"}, {"ann": "p6.B8|JCBNDPHA_00515-1-hypothetical_protein", "name": "p6.B8|JCBNDPHA_00515", "branch_length": 1e-06, "accession": "p6.B8"}]}]}]}]}]}]}]}]}]}]}]}]}, {"branch_length": 0.00317, "name": "NODE_0188", "children": [{"ann": "p6.A8|KEMAMOFL_00544-1-hypothetical_protein", "name": "p6.A8|KEMAMOFL_00544", "branch_length": 1e-06, "accession": "p6.A8"}, {"branch_length": 1e-06, "name": "NODE_0187", "children": [{"ann": "p7.F6|INDCJMKO_05267-54-hypothetical_protein", "name": "p7.F6|INDCJMKO_05267", "branch_length": 1e-06, "accession": "p7.F6"}, {"branch_length": 1e-06, "name": "NODE_0186", "children": [{"ann": "p9.G7|DGMJHAEJ_00546-1-hypothetical_protein", "name": "p9.G7|DGMJHAEJ_00546", "branch_length": 1e-06, "accession": "p9.G7"}, {"branch_length": 1e-06, "name": "NODE_0185", "children": [{"ann": "p12.D12|ACMLMINL_00544-1-hypothetical_protein", "name": "p12.D12|ACMLMINL_00544", "branch_length": 1e-06, "accession": "p12.D12"}, {"branch_length": 1e-06, "name": "NODE_0184", "children": [{"ann": "p3.B11|NMDHDOED_00545-1-hypothetical_protein", "name": "p3.B11|NMDHDOED_00545", "branch_length": 1e-06, "accession": "p3.B11"}, {"branch_length": 1e-06, "name": "NODE_0183", "children": [{"ann": "p3.A11|GLLPHFPO_00542-1-hypothetical_protein", "name": "p3.A11|GLLPHFPO_00542", "branch_length": 1e-06, "accession": "p3.A11"}, {"branch_length": 1e-06, "name": "NODE_0182", "children": [{"ann": "p4.D1|NKOJLGPJ_00451-1-hypothetical_protein", "name": "p4.D1|NKOJLGPJ_00451", "branch_length": 1e-06, "accession": "p4.D1"}, {"branch_length": 1e-06, "name": "NODE_0181", "children": [{"ann": "p9.F5|AMJNBMJF_00544-1-hypothetical_protein", "name": "p9.F5|AMJNBMJF_00544", "branch_length": 1e-06, "accession": "p9.F5"}, {"branch_length": 1e-06, "name": "NODE_0180", "children": [{"ann": "p12.A11|FNGIDCJN_01409-5-hypothetical_protein", "name": "p12.A11|FNGIDCJN_01409", "branch_length": 1e-06, "accession": "p12.A11"}, {"branch_length": 1e-06, "name": "NODE_0179", "children": [{"ann": "p2.A8|AFDDLMLP_00546-1-hypothetical_protein", "name": "p2.A8|AFDDLMLP_00546", "branch_length": 1e-06, "accession": "p2.A8"}, {"branch_length": 1e-06, "name": "NODE_0178", "children": [{"ann": "p1.E8|KHHHBAHB_00450-1-hypothetical_protein", "name": "p1.E8|KHHHBAHB_00450", "branch_length": 1e-06, "accession": "p1.E8"}, {"branch_length": 1e-06, "name": "NODE_0177", "children": [{"ann": "p6.D4|IELMBIHI_03720-454-hypothetical_protein", "name": "p6.D4|IELMBIHI_03720", "branch_length": 1e-06, "accession": "p6.D4"}, {"branch_length": 1e-06, "name": "NODE_0176", "children": [{"ann": "p9.F6|BCIICLGG_04724-34-hypothetical_protein", "name": "p9.F6|BCIICLGG_04724", "branch_length": 1e-06, "accession": "p9.F6"}, {"branch_length": 1e-06, "name": "NODE_0175", "children": [{"ann": "p13.B10|LGAJLDHD_00544-1-hypothetical_protein", "name": "p13.B10|LGAJLDHD_00544", "branch_length": 1e-06, "accession": "p13.B10"}, {"branch_length": 1e-06, "name": "NODE_0174", "children": [{"ann": "p1.A11|ODNPOIPB_00544-1-hypothetical_protein", "name": "p1.A11|ODNPOIPB_00544", "branch_length": 1e-06, "accession": "p1.A11"}, {"branch_length": 1e-06, "name": "NODE_0173", "children": [{"ann": "p1.B11|GBBJBOJA_00544-1-hypothetical_protein", "name": "p1.B11|GBBJBOJA_00544", "branch_length": 1e-06, "accession": "p1.B11"}, {"branch_length": 1e-06, "name": "NODE_0172", "children": [{"ann": "p3.B10|LDHBEBHP_00544-1-hypothetical_protein", "name": "p3.B10|LDHBEBHP_00544", "branch_length": 1e-06, "accession": "p3.B10"}, {"branch_length": 1e-06, "name": "NODE_0171", "children": [{"ann": "p12.E7|HFALIILN_00544-1-hypothetical_protein", "name": "p12.E7|HFALIILN_00544", "branch_length": 1e-06, "accession": "p12.E7"}, {"branch_length": 1e-06, "name": "NODE_0170", "children": [{"ann": "p5.E7|EELEKOKE_00543-1-hypothetical_protein", "name": "p5.E7|EELEKOKE_00543", "branch_length": 1e-06, "accession": "p5.E7"}, {"branch_length": 1e-06, "name": "NODE_0169", "children": [{"ann": "p7.E11|ILECEFJC_00756-1-hypothetical_protein", "name": "p7.E11|ILECEFJC_00756", "branch_length": 1e-06, "accession": "p7.E11"}, {"branch_length": 1e-06, "name": "NODE_0168", "children": [{"ann": "p9.A9|DNBJEPLG_00546-1-hypothetical_protein", "name": "p9.A9|DNBJEPLG_00546", "branch_length": 1e-06, "accession": "p9.A9"}, {"branch_length": 1e-06, "name": "NODE_0167", "children": [{"ann": "p7.A12|EDNNFMON_00545-1-hypothetical_protein", "name": "p7.A12|EDNNFMON_00545", "branch_length": 1e-06, "accession": "p7.A12"}, {"branch_length": 1e-06, "name": "NODE_0166", "children": [{"ann": "p5.A12|IDOAEGGA_05292-39-hypothetical_protein", "name": "p5.A12|IDOAEGGA_05292", "branch_length": 1e-06, "accession": "p5.A12"}, {"branch_length": 1e-06, "name": "NODE_0165", "children": [{"ann": "p13.E6|JJLLMBKE_04351-73-hypothetical_protein", "name": "p13.E6|JJLLMBKE_04351", "branch_length": 1e-06, "accession": "p13.E6"}, {"branch_length": 1e-06, "name": "NODE_0164", "children": [{"ann": "p5.A11|CPEFIPLM_02181-25-hypothetical_protein", "name": "p5.A11|CPEFIPLM_02181", "branch_length": 1e-06, "accession": "p5.A11"}, {"branch_length": 1e-06, "name": "NODE_0163", "children": [{"ann": "p7.F7|GACGIMFJ_00543-1-hypothetical_protein", "name": "p7.F7|GACGIMFJ_00543", "branch_length": 1e-06, "accession": "p7.F7"}, {"branch_length": 1e-06, "name": "NODE_0162", "children": [{"ann": "p9.H2|BDKMJMHA_03669-784-hypothetical_protein", "name": "p9.H2|BDKMJMHA_03669", "branch_length": 1e-06, "accession": "p9.H2"}, {"branch_length": 1e-06, "name": "NODE_0161", "children": [{"ann": "p3.G12|GIFEHMOC_00544-1-hypothetical_protein", "name": "p3.G12|GIFEHMOC_00544", "branch_length": 1e-06, "accession": "p3.G12"}, {"branch_length": 1e-06, "name": "NODE_0160", "children": [{"ann": "p1.A12|GELCLGHK_00544-1-hypothetical_protein", "name": "p1.A12|GELCLGHK_00544", "branch_length": 1e-06, "accession": "p1.A12"}, {"branch_length": 1e-06, "name": "NODE_0159", "children": [{"ann": "p12.B11|AEDBPKJP_00234-1-hypothetical_protein", "name": "p12.B11|AEDBPKJP_00234", "branch_length": 1e-06, "accession": "p12.B11"}, {"branch_length": 1e-06, "name": "NODE_0158", "children": [{"ann": "p4.E2|GPNFFOMI_00925-358-hypothetical_protein", "name": "p4.E2|GPNFFOMI_00925", "branch_length": 1e-06, "accession": "p4.E2"}, {"branch_length": 1e-06, "name": "NODE_0157", "children": [{"ann": "p7.B11|GPGNCPOD_00544-1-hypothetical_protein", "name": "p7.B11|GPGNCPOD_00544", "branch_length": 1e-06, "accession": "p7.B11"}, {"branch_length": 1e-06, "name": "NODE_0156", "children": [{"ann": "p5.B12|DINKDIDH_00081-1-hypothetical_protein", "name": "p5.B12|DINKDIDH_00081", "branch_length": 1e-06, "accession": "p5.B12"}, {"branch_length": 1e-06, "name": "NODE_0155", "children": [{"ann": "p13.D12|NACIHNLL_00544-1-hypothetical_protein", "name": "p13.D12|NACIHNLL_00544", "branch_length": 1e-06, "accession": "p13.D12"}, {"branch_length": 1e-06, "name": "NODE_0154", "children": [{"ann": "p1.B12|DDGNGPOD_00544-1-hypothetical_protein", "name": "p1.B12|DDGNGPOD_00544", "branch_length": 1e-06, "accession": "p1.B12"}, {"branch_length": 1e-06, "name": "NODE_0153", "children": [{"ann": "p6.H7|DNAPHNPP_00544-1-hypothetical_protein", "name": "p6.H7|DNAPHNPP_00544", "branch_length": 1e-06, "accession": "p6.H7"}, {"branch_length": 1e-06, "name": "NODE_0152", "children": [{"ann": "p12.E6|DBOGAOCL_00544-1-hypothetical_protein", "name": "p12.E6|DBOGAOCL_00544", "branch_length": 1e-06, "accession": "p12.E6"}, {"branch_length": 1e-06, "name": "NODE_0151", "children": [{"ann": "p5.F7|LKBCMAHM_00544-1-hypothetical_protein", "name": "p5.F7|LKBCMAHM_00544", "branch_length": 1e-06, "accession": "p5.F7"}, {"branch_length": 1e-06, "name": "NODE_0150", "children": [{"ann": "p12.F6|DIFIENND_01883-18-hypothetical_protein", "name": "p12.F6|DIFIENND_01883", "branch_length": 1e-06, "accession": "p12.F6"}, {"branch_length": 1e-06, "name": "NODE_0149", "children": [{"ann": "p13.B9|GPGCJKON_02473-20-hypothetical_protein", "name": "p13.B9|GPGCJKON_02473", "branch_length": 1e-06, "accession": "p13.B9"}, {"branch_length": 1e-06, "name": "NODE_0148", "children": [{"ann": "p3.E7|JOLHLKPH_05424-37-hypothetical_protein", "name": "p3.E7|JOLHLKPH_05424", "branch_length": 1e-06, "accession": "p3.E7"}, {"branch_length": 1e-06, "name": "NODE_0147", "children": [{"ann": "p3.A12|JGPNAOGN_01312-33-hypothetical_protein", "name": "p3.A12|JGPNAOGN_01312", "branch_length": 1e-06, "accession": "p3.A12"}, {"branch_length": 1e-06, "name": "NODE_0146", "children": [{"ann": "p13.H6|MKFNAHLN_02783-61-hypothetical_protein", "name": "p13.H6|MKFNAHLN_02783", "branch_length": 1e-06, "accession": "p13.H6"}, {"branch_length": 1e-06, "name": "NODE_0145", "children": [{"ann": "p1.F8|GDBALMOC_00544-1-hypothetical_protein", "name": "p1.F8|GDBALMOC_00544", "branch_length": 1e-06, "accession": "p1.F8"}, {"branch_length": 1e-06, "name": "NODE_0144", "children": [{"ann": "p9.E7|BDEFOLKF_04976-54-hypothetical_protein", "name": "p9.E7|BDEFOLKF_04976", "branch_length": 1e-06, "accession": "p9.E7"}, {"branch_length": 1e-06, "name": "NODE_0143", "children": [{"ann": "p7.E6|EJMDFPBC_00450-1-hypothetical_protein", "name": "p7.E6|EJMDFPBC_00450", "branch_length": 1e-06, "accession": "p7.E6"}, {"branch_length": 1e-06, "name": "NODE_0142", "children": [{"ann": "p2.E3|GDMFGCMO_05383-58-hypothetical_protein", "name": "p2.E3|GDMFGCMO_05383", "branch_length": 1e-06, "accession": "p2.E3"}, {"branch_length": 1e-06, "name": "NODE_0141", "children": [{"ann": "p13.A11|FINHHGLN_00544-1-hypothetical_protein", "name": "p13.A11|FINHHGLN_00544", "branch_length": 1e-06, "accession": "p13.A11"}, {"branch_length": 1e-06, "name": "NODE_0140", "children": [{"ann": "p3.E8|GNODPMNC_00544-1-hypothetical_protein", "name": "p3.E8|GNODPMNC_00544", "branch_length": 1e-06, "accession": "p3.E8"}, {"branch_length": 1e-06, "name": "NODE_0139", "children": [{"ann": "p11.A7|IPOKOGBB_00275-1-hypothetical_protein", "name": "p11.A7|IPOKOGBB_00275", "branch_length": 1e-06, "accession": "p11.A7"}, {"branch_length": 1e-06, "name": "NODE_0138", "children": [{"ann": "p7.E5|LNIJPAIM_00543-1-hypothetical_protein", "name": "p7.E5|LNIJPAIM_00543", "branch_length": 1e-06, "accession": "p7.E5"}, {"branch_length": 1e-06, "name": "NODE_0137", "children": [{"ann": "p7.B10|ABOPGLPL_01578-11-hypothetical_protein", "name": "p7.B10|ABOPGLPL_01578", "branch_length": 1e-06, "accession": "p7.B10"}, {"branch_length": 1e-06, "name": "NODE_0136", "children": [{"ann": "p9.A11|CKCHMJCI_00340-1-hypothetical_protein", "name": "p9.A11|CKCHMJCI_00340", "branch_length": 1e-06, "accession": "p9.A11"}, {"branch_length": 1e-06, "name": "NODE_0135", "children": [{"ann": "p12.E3|FDGBBLJK_03583-270-hypothetical_protein", "name": "p12.E3|FDGBBLJK_03583", "branch_length": 1e-06, "accession": "p12.E3"}, {"branch_length": 1e-06, "name": "NODE_0134", "children": [{"ann": "p9.B11|MIPKIDJB_00450-1-hypothetical_protein", "name": "p9.B11|MIPKIDJB_00450", "branch_length": 1e-06, "accession": "p9.B11"}, {"branch_length": 1e-06, "name": "NODE_0133", "children": [{"ann": "p4.D3|MAGEFBDK_00544-1-hypothetical_protein", "name": "p4.D3|MAGEFBDK_00544", "branch_length": 1e-06, "accession": "p4.D3"}, {"branch_length": 1e-06, "name": "NODE_0132", "children": [{"ann": "p6.E3|LBPLFFHA_01322-110-hypothetical_protein", "name": "p6.E3|LBPLFFHA_01322", "branch_length": 1e-06, "accession": "p6.E3"}, {"branch_length": 1e-06, "name": "NODE_0131", "children": [{"ann": "p3.F7|GBNECNHE_00544-1-hypothetical_protein", "name": "p3.F7|GBNECNHE_00544", "branch_length": 1e-06, "accession": "p3.F7"}, {"branch_length": 1e-06, "name": "NODE_0130", "children": [{"ann": "p2.A7|GFEJFFDO_05036-48-hypothetical_protein", "name": "p2.A7|GFEJFFDO_05036", "branch_length": 1e-06, "accession": "p2.A7"}, {"branch_length": 1e-06, "name": "NODE_0129", "children": [{"ann": "p7.A10|FOCOLEFE_00544-1-hypothetical_protein", "name": "p7.A10|FOCOLEFE_00544", "branch_length": 1e-06, "accession": "p7.A10"}, {"branch_length": 1e-06, "name": "NODE_0128", "children": [{"ann": "p6.H8|MMINOCPG_00544-1-hypothetical_protein", "name": "p6.H8|MMINOCPG_00544", "branch_length": 1e-06, "accession": "p6.H8"}, {"branch_length": 1e-06, "name": "NODE_0127", "children": [{"ann": "p1.F7|COMJOIKL_04729-39-hypothetical_protein", "name": "p1.F7|COMJOIKL_04729", "branch_length": 1e-06, "accession": "p1.F7"}, {"branch_length": 1e-06, "name": "NODE_0126", "children": [{"ann": "p13.E7|LDDCIADM_00545-1-hypothetical_protein", "name": "p13.E7|LDDCIADM_00545", "branch_length": 1e-06, "accession": "p13.E7"}, {"branch_length": 1e-06, "name": "NODE_0125", "children": [{"ann": "p6.D3|FKOMEGHI_00544-1-hypothetical_protein", "name": "p6.D3|FKOMEGHI_00544", "branch_length": 1e-06, "accession": "p6.D3"}, {"branch_length": 1e-06, "name": "NODE_0124", "children": [{"ann": "p5.E8|MHGJHLMG_04715-31-hypothetical_protein", "name": "p5.E8|MHGJHLMG_04715", "branch_length": 1e-06, "accession": "p5.E8"}, {"branch_length": 1e-06, "name": "NODE_0123", "children": [{"ann": "p13.F7|JEGHHHBO_00545-1-hypothetical_protein", "name": "p13.F7|JEGHHHBO_00545", "branch_length": 1e-06, "accession": "p13.F7"}, {"branch_length": 1e-06, "name": "NODE_0122", "children": [{"ann": "p12.G1|LEADEDGO_03802-80-hypothetical_protein", "name": "p12.G1|LEADEDGO_03802", "branch_length": 1e-06, "accession": "p12.G1"}, {"branch_length": 1e-06, "name": "NODE_0121", "children": [{"ann": "p5.B11|IAAHADPD_03079-23-hypothetical_protein", "name": "p5.B11|IAAHADPD_03079", "branch_length": 1e-06, "accession": "p5.B11"}, {"branch_length": 1e-06, "name": "NODE_0120", "children": [{"ann": "p13.A10|ADAHHADA_01283-4-hypothetical_protein", "name": "p13.A10|ADAHHADA_01283", "branch_length": 1e-06, "accession": "p13.A10"}, {"ann": "p9.F7|GDMDEPLC_01552-14-hypothetical_protein", "name": "p9.F7|GDMDEPLC_01552", "branch_length": 1e-06, "accession": "p9.F7"}]}]}]}]}]}]}]}]}]}]}]}]}]}]}]}]}]}]}]}]}]}]}]}]}]}]}]}]}]}]}]}]}]}]}]}]}]}]}]}]}]}]}]}]}]}]}]}]}]}]}]}]}]}]}]}]}]}]}]}]}]}]}]}]}]}]}]}]}]}]}, {"branch_length": 0.03963, "name": "NODE_0", "children": [{"ann": "p11.H6|BKFAHGHD_00626-1-hypothetical_protein", "name": "p11.H6|BKFAHGHD_00626", "branch_length": 0.00302, "accession": "p11.H6"}, {"branch_length": 0.00055, "name": "NODE_0367", "children": [{"ann": "p12.C12|KFGIONAH_00524-1-hypothetical_protein", "name": "p12.C12|KFGIONAH_00524", "branch_length": 1e-06, "accession": "p12.C12"}, {"branch_length": 1e-06, "name": "NODE_0366", "children": [{"ann": "p11.F10|EDBGDIPM_00535-1-hypothetical_protein", "name": "p11.F10|EDBGDIPM_00535", "branch_length": 1e-06, "accession": "p11.F10"}, {"branch_length": 1e-06, "name": "NODE_0365", "children": [{"ann": "p4.A9|MMCJEBDL_03865-12-hypothetical_protein", "name": "p4.A9|MMCJEBDL_03865", "branch_length": 1e-06, "accession": "p4.A9"}, {"branch_length": 1e-06, "name": "NODE_0364", "children": [{"ann": "p1.C12|JEMPMGBI_03975-24-hypothetical_protein", "name": "p1.C12|JEMPMGBI_03975", "branch_length": 1e-06, "accession": "p1.C12"}, {"branch_length": 1e-06, "name": "NODE_0363", "children": [{"ann": "p1.H7|KJOLLNOG_02641-10-hypothetical_protein", "name": "p1.H7|KJOLLNOG_02641", "branch_length": 1e-06, "accession": "p1.H7"}, {"branch_length": 1e-06, "name": "NODE_0362", "children": [{"ann": "p11.F12|NALAPIKC_04173-64-hypothetical_protein", "name": "p11.F12|NALAPIKC_04173", "branch_length": 1e-06, "accession": "p11.F12"}, {"branch_length": 1e-06, "name": "NODE_0361", "children": [{"ann": "p3.E2|IJMLAKOC_03612-12-hypothetical_protein", "name": "p3.E2|IJMLAKOC_03612", "branch_length": 1e-06, "accession": "p3.E2"}, {"branch_length": 1e-06, "name": "NODE_0360", "children": [{"ann": "p5.G3|BHBMAIME_01640-2-hypothetical_protein", "name": "p5.G3|BHBMAIME_01640", "branch_length": 1e-06, "accession": "p5.G3"}, {"branch_length": 1e-06, "name": "NODE_0359", "children": [{"ann": "p4.F10|HEPFBLNL_00352-1-hypothetical_protein", "name": "p4.F10|HEPFBLNL_00352", "branch_length": 1e-06, "accession": "p4.F10"}, {"branch_length": 1e-06, "name": "NODE_0358", "children": [{"ann": "p5.F1|PFDDPJKO_03974-51-hypothetical_protein", "name": "p5.F1|PFDDPJKO_03974", "branch_length": 1e-06, "accession": "p5.F1"}, {"branch_length": 1e-06, "name": "NODE_0357", "children": [{"ann": "p6.D9|AJJKGGAF_01051-2-hypothetical_protein", "name": "p6.D9|AJJKGGAF_01051", "branch_length": 1e-06, "accession": "p6.D9"}, {"branch_length": 1e-06, "name": "NODE_0356", "children": [{"ann": "p12.H11|EMHINLJB_03300-114-hypothetical_protein", "name": "p12.H11|EMHINLJB_03300", "branch_length": 1e-06, "accession": "p12.H11"}, {"branch_length": 1e-06, "name": "NODE_0355", "children": [{"ann": "p11.E9|CJNBKMNB_00685-5-hypothetical_protein", "name": "p11.E9|CJNBKMNB_00685", "branch_length": 1e-06, "accession": "p11.E9"}, {"branch_length": 1e-06, "name": "NODE_0354", "children": [{"ann": "p8.E10|HBLAICFD_04268-70-hypothetical_protein", "name": "p8.E10|HBLAICFD_04268", "branch_length": 1e-06, "accession": "p8.E10"}, {"branch_length": 1e-06, "name": "NODE_0353", "children": [{"ann": "p6.H10|NNKMAFNA_04128-46-hypothetical_protein", "name": "p6.H10|NNKMAFNA_04128", "branch_length": 1e-06, "accession": "p6.H10"}, {"branch_length": 1e-06, "name": "NODE_0352", "children": [{"ann": "p7.H10|BNOAAALM_01378-19-hypothetical_protein", "name": "p7.H10|BNOAAALM_01378", "branch_length": 1e-06, "accession": "p7.H10"}, {"branch_length": 1e-06, "name": "NODE_0351", "children": [{"ann": "p5.H9|ALLIANKD_01217-2-hypothetical_protein", "name": "p5.H9|ALLIANKD_01217", "branch_length": 1e-06, "accession": "p5.H9"}, {"branch_length": 1e-06, "name": "NODE_0350", "children": [{"ann": "p7.H11|MECGCBLO_03303-96-hypothetical_protein", "name": "p7.H11|MECGCBLO_03303", "branch_length": 1e-06, "accession": "p7.H11"}, {"branch_length": 1e-06, "name": "NODE_0349", "children": [{"ann": "p2.F8|EOJIGCMH_05154-28-hypothetical_protein", "name": "p2.F8|EOJIGCMH_05154", "branch_length": 1e-06, "accession": "p2.F8"}, {"branch_length": 1e-06, "name": "NODE_0348", "children": [{"ann": "p7.E1|NPAMPPIN_03980-35-hypothetical_protein", "name": "p7.E1|NPAMPPIN_03980", "branch_length": 1e-06, "accession": "p7.E1"}, {"branch_length": 1e-06, "name": "NODE_0347", "children": [{"ann": "p9.H7|HBBABFFC_03906-54-hypothetical_protein", "name": "p9.H7|HBBABFFC_03906", "branch_length": 1e-06, "accession": "p9.H7"}, {"branch_length": 1e-06, "name": "NODE_0346", "children": [{"ann": "p7.H8|JJNNEPIE_03984-68-hypothetical_protein", "name": "p7.H8|JJNNEPIE_03984", "branch_length": 1e-06, "accession": "p7.H8"}, {"branch_length": 1e-06, "name": "NODE_0345", "children": [{"ann": "p3.H8|LMKBCICO_03450-12-hypothetical_protein", "name": "p3.H8|LMKBCICO_03450", "branch_length": 1e-06, "accession": "p3.H8"}, {"branch_length": 1e-06, "name": "NODE_0344", "children": [{"ann": "p4.A2|ABCIPIOB_04884-77-hypothetical_protein", "name": "p4.A2|ABCIPIOB_04884", "branch_length": 1e-06, "accession": "p4.A2"}, {"branch_length": 1e-06, "name": "NODE_0343", "children": [{"ann": "p5.E2|NGDKNDMK_03442-10-hypothetical_protein", "name": "p5.E2|NGDKNDMK_03442", "branch_length": 1e-06, "accession": "p5.E2"}, {"branch_length": 1e-06, "name": "NODE_0342", "children": [{"ann": "p13.G7|FLHGANNP_05398-292-hypothetical_protein", "name": "p13.G7|FLHGANNP_05398", "branch_length": 1e-06, "accession": "p13.G7"}, {"branch_length": 1e-06, "name": "NODE_0341", "children": [{"ann": "p9.F1|OOFIKGEC_02268-51-hypothetical_protein", "name": "p9.F1|OOFIKGEC_02268", "branch_length": 1e-06, "accession": "p9.F1"}, {"branch_length": 1e-06, "name": "NODE_0340", "children": [{"ann": "p1.H2|PHDFLHAO_03669-447-hypothetical_protein", "name": "p1.H2|PHDFLHAO_03669", "branch_length": 1e-06, "accession": "p1.H2"}, {"branch_length": 1e-06, "name": "NODE_0339", "children": [{"ann": "p8.A9|IANDKOLE_04203-74-hypothetical_protein", "name": "p8.A9|IANDKOLE_04203", "branch_length": 1e-06, "accession": "p8.A9"}, {"branch_length": 1e-06, "name": "NODE_0338", "children": [{"ann": "p12.G8|JHHIDDKE_00525-1-hypothetical_protein", "name": "p12.G8|JHHIDDKE_00525", "branch_length": 1e-06, "accession": "p12.G8"}, {"branch_length": 1e-06, "name": "NODE_0337", "children": [{"ann": "p7.G8|CMFMDHMD_03985-68-hypothetical_protein", "name": "p7.G8|CMFMDHMD_03985", "branch_length": 1e-06, "accession": "p7.G8"}, {"branch_length": 1e-06, "name": "NODE_0336", "children": [{"ann": "p1.G9|KHNPIDOG_02380-9-hypothetical_protein", "name": "p1.G9|KHNPIDOG_02380", "branch_length": 1e-06, "accession": "p1.G9"}, {"branch_length": 1e-06, "name": "NODE_0335", "children": [{"ann": "p6.A10|OIJBMKNA_03979-38-hypothetical_protein", "name": "p6.A10|OIJBMKNA_03979", "branch_length": 1e-06, "accession": "p6.A10"}, {"branch_length": 1e-06, "name": "NODE_0334", "children": [{"ann": "p3.C12|FOLPLODC_04608-60-hypothetical_protein", "name": "p3.C12|FOLPLODC_04608", "branch_length": 1e-06, "accession": "p3.C12"}, {"branch_length": 1e-06, "name": "NODE_0333", "children": [{"ann": "p9.F8|JHIOCKKB_05141-108-hypothetical_protein", "name": "p9.F8|JHIOCKKB_05141", "branch_length": 1e-06, "accession": "p9.F8"}, {"branch_length": 1e-06, "name": "NODE_0332", "children": [{"ann": "p5.G12|OPPCDFHL_04513-64-hypothetical_protein", "name": "p5.G12|OPPCDFHL_04513", "branch_length": 1e-06, "accession": "p5.G12"}, {"branch_length": 1e-06, "name": "NODE_0331", "children": [{"ann": "p8.A1|MJBFMMCC_03225-59-hypothetical_protein", "name": "p8.A1|MJBFMMCC_03225", "branch_length": 1e-06, "accession": "p8.A1"}, {"branch_length": 1e-06, "name": "NODE_0330", "children": [{"ann": "p2.F12|FBIJJPMH_04052-47-hypothetical_protein", "name": "p2.F12|FBIJJPMH_04052", "branch_length": 1e-06, "accession": "p2.F12"}, {"branch_length": 1e-06, "name": "NODE_0329", "children": [{"ann": "p9.H6|GDBPJFNK_00525-1-hypothetical_protein", "name": "p9.H6|GDBPJFNK_00525", "branch_length": 1e-06, "accession": "p9.H6"}, {"branch_length": 1e-06, "name": "NODE_0328", "children": [{"ann": "p13.G2|LMCMKCGG_00823-1-hypothetical_protein", "name": "p13.G2|LMCMKCGG_00823", "branch_length": 1e-06, "accession": "p13.G2"}, {"branch_length": 1e-06, "name": "NODE_0327", "children": [{"ann": "p12.G3|FEJIGHDG_00884-5-hypothetical_protein", "name": "p12.G3|FEJIGHDG_00884", "branch_length": 1e-06, "accession": "p12.G3"}, {"branch_length": 1e-06, "name": "NODE_0326", "children": [{"ann": "p1.H9|AOPJGDNL_01975-32-hypothetical_protein", "name": "p1.H9|AOPJGDNL_01975", "branch_length": 1e-06, "accession": "p1.H9"}, {"branch_length": 1e-06, "name": "NODE_0325", "children": [{"ann": "p1.G3|HLILAIMC_04606-31-hypothetical_protein", "name": "p1.G3|HLILAIMC_04606", "branch_length": 1e-06, "accession": "p1.G3"}, {"branch_length": 1e-06, "name": "NODE_0324", "children": [{"ann": "p6.A9|HAHBCFMC_04471-20-hypothetical_protein", "name": "p6.A9|HAHBCFMC_04471", "branch_length": 1e-06, "accession": "p6.A9"}, {"branch_length": 1e-06, "name": "NODE_0323", "children": [{"ann": "p7.F1|AJBPNDLH_05374-91-hypothetical_protein", "name": "p7.F1|AJBPNDLH_05374", "branch_length": 1e-06, "accession": "p7.F1"}, {"branch_length": 1e-06, "name": "NODE_0322", "children": [{"ann": "p13.H7|OLFCMELN_05407-226-hypothetical_protein", "name": "p13.H7|OLFCMELN_05407", "branch_length": 1e-06, "accession": "p13.H7"}, {"branch_length": 1e-06, "name": "NODE_0321", "children": [{"ann": "p12.B12|CELOOMHJ_04126-74-hypothetical_protein", "name": "p12.B12|CELOOMHJ_04126", "branch_length": 1e-06, "accession": "p12.B12"}, {"branch_length": 1e-06, "name": "NODE_0320", "children": [{"ann": "p9.G8|DEMNPALF_04486-49-hypothetical_protein", "name": "p9.G8|DEMNPALF_04486", "branch_length": 1e-06, "accession": "p9.G8"}, {"branch_length": 1e-06, "name": "NODE_0319", "children": [{"ann": "p5.H11|DODOBLPN_05638-77-hypothetical_protein", "name": "p5.H11|DODOBLPN_05638", "branch_length": 1e-06, "accession": "p5.H11"}, {"branch_length": 1e-06, "name": "NODE_0318", "children": [{"ann": "p7.E12|HIGCKKDD_03976-62-hypothetical_protein", "name": "p7.E12|HIGCKKDD_03976", "branch_length": 1e-06, "accession": "p7.E12"}, {"branch_length": 1e-06, "name": "NODE_0317", "children": [{"ann": "p13.G8|MGCEINAP_00682-1-hypothetical_protein", "name": "p13.G8|MGCEINAP_00682", "branch_length": 1e-06, "accession": "p13.G8"}, {"branch_length": 1e-06, "name": "NODE_0316", "children": [{"ann": "p4.F9|FHEFFEBM_00227-1-hypothetical_protein", "name": "p4.F9|FHEFFEBM_00227", "branch_length": 1e-06, "accession": "p4.F9"}, {"branch_length": 1e-06, "name": "NODE_0315", "children": [{"ann": "p1.D12|ICJJLDKN_01654-2-hypothetical_protein", "name": "p1.D12|ICJJLDKN_01654", "branch_length": 1e-06, "accession": "p1.D12"}, {"branch_length": 1e-06, "name": "NODE_0314", "children": [{"ann": "p9.H11|CHBLEPMG_04307-129-hypothetical_protein", "name": "p9.H11|CHBLEPMG_04307", "branch_length": 1e-06, "accession": "p9.H11"}, {"branch_length": 1e-06, "name": "NODE_0313", "children": [{"ann": "p2.F9|NHIPMFDN_02597-16-hypothetical_protein", "name": "p2.F9|NHIPMFDN_02597", "branch_length": 1e-06, "accession": "p2.F9"}, {"branch_length": 1e-06, "name": "NODE_0312", "children": [{"ann": "p8.F12|OLCECOJO_00535-1-hypothetical_protein", "name": "p8.F12|OLCECOJO_00535", "branch_length": 1e-06, "accession": "p8.F12"}, {"branch_length": 1e-06, "name": "NODE_0311", "children": [{"ann": "p11.A8|HADNBLJP_00526-1-hypothetical_protein", "name": "p11.A8|HADNBLJP_00526", "branch_length": 1e-06, "accession": "p11.A8"}, {"branch_length": 1e-06, "name": "NODE_0310", "children": [{"ann": "p1.G8|GHELFIJH_03974-22-hypothetical_protein", "name": "p1.G8|GHELFIJH_03974", "branch_length": 1e-06, "accession": "p1.G8"}, {"branch_length": 1e-06, "name": "NODE_0309", "children": [{"ann": "p12.G2|CLCCOGMM_04146-64-hypothetical_protein", "name": "p12.G2|CLCCOGMM_04146", "branch_length": 1e-06, "accession": "p12.G2"}, {"branch_length": 1e-06, "name": "NODE_0308", "children": [{"ann": "p13.H11|HECDCDEL_05282-129-hypothetical_protein", "name": "p13.H11|HECDCDEL_05282", "branch_length": 1e-06, "accession": "p13.H11"}, {"branch_length": 1e-06, "name": "NODE_0307", "children": [{"ann": "p11.E10|HKFPEFCK_00822-1-hypothetical_protein", "name": "p11.E10|HKFPEFCK_00822", "branch_length": 1e-06, "accession": "p11.E10"}, {"branch_length": 1e-06, "name": "NODE_0306", "children": [{"ann": "p5.G2|MMNNGBAO_03425-14-hypothetical_protein", "name": "p5.G2|MMNNGBAO_03425", "branch_length": 1e-06, "accession": "p5.G2"}, {"branch_length": 1e-06, "name": "NODE_0305", "children": [{"ann": "p12.H3|AGLABNCH_00526-1-hypothetical_protein", "name": "p12.H3|AGLABNCH_00526", "branch_length": 1e-06, "accession": "p12.H3"}, {"branch_length": 1e-06, "name": "NODE_0304", "children": [{"ann": "p5.G11|FONADIDF_01142-13-hypothetical_protein", "name": "p5.G11|FONADIDF_01142", "branch_length": 1e-06, "accession": "p5.G11"}, {"branch_length": 1e-06, "name": "NODE_0303", "children": [{"ann": "p2.A1|JKCCFEHF_04182-60-hypothetical_protein", "name": "p2.A1|JKCCFEHF_04182", "branch_length": 1e-06, "accession": "p2.A1"}, {"branch_length": 1e-06, "name": "NODE_0302", "children": [{"ann": "p11.A1|INFLKEGM_05326-126-hypothetical_protein", "name": "p11.A1|INFLKEGM_05326", "branch_length": 1e-06, "accession": "p11.A1"}, {"branch_length": 1e-06, "name": "NODE_0301", "children": [{"ann": "p7.G11|KDNLLNAL_03324-78-hypothetical_protein", "name": "p7.G11|KDNLLNAL_03324", "branch_length": 1e-06, "accession": "p7.G11"}, {"branch_length": 1e-06, "name": "NODE_0300", "children": [{"ann": "p2.A10|IBGMFEDL_03970-25-hypothetical_protein", "name": "p2.A10|IBGMFEDL_03970", "branch_length": 1e-06, "accession": "p2.A10"}, {"branch_length": 1e-06, "name": "NODE_0299", "children": [{"ann": "p4.A1|PKKDFEFC_02784-49-hypothetical_protein", "name": "p4.A1|PKKDFEFC_02784", "branch_length": 1e-06, "accession": "p4.A1"}, {"branch_length": 1e-06, "name": "NODE_0298", "children": [{"ann": "p6.A1|BDAMLMNF_05326-91-hypothetical_protein", "name": "p6.A1|BDAMLMNF_05326", "branch_length": 1e-06, "accession": "p6.A1"}, {"branch_length": 1e-06, "name": "NODE_0297", "children": [{"ann": "p1.D6|FPBILBJA_02416-32-hypothetical_protein", "name": "p1.D6|FPBILBJA_02416", "branch_length": 1e-06, "accession": "p1.D6"}, {"branch_length": 1e-06, "name": "NODE_0296", "children": [{"ann": "p8.F11|LEHHPLMH_04199-66-hypothetical_protein", "name": "p8.F11|LEHHPLMH_04199", "branch_length": 1e-06, "accession": "p8.F11"}, {"branch_length": 1e-06, "name": "NODE_0295", "children": [{"ann": "p8.D9|BDEIGIFP_02337-5-hypothetical_protein", "name": "p8.D9|BDEIGIFP_02337", "branch_length": 1e-06, "accession": "p8.D9"}, {"branch_length": 1e-06, "name": "NODE_0294", "children": [{"ann": "p8.E9|IHDICNPL_02660-39-hypothetical_protein", "name": "p8.E9|IHDICNPL_02660", "branch_length": 1e-06, "accession": "p8.E9"}, {"branch_length": 1e-06, "name": "NODE_0293", "children": [{"ann": "p5.H8|HFEKJHIB_00365-1-hypothetical_protein", "name": "p5.H8|HFEKJHIB_00365", "branch_length": 1e-06, "accession": "p5.H8"}, {"branch_length": 1e-06, "name": "NODE_0292", "children": [{"ann": "p12.E1|AHGBMCMI_04009-252-hypothetical_protein", "name": "p12.E1|AHGBMCMI_04009", "branch_length": 1e-06, "accession": "p12.E1"}, {"branch_length": 1e-06, "name": "NODE_0291", "children": [{"ann": "p4.D10|FELPNOGF_03484-11-hypothetical_protein", "name": "p4.D10|FELPNOGF_03484", "branch_length": 1e-06, "accession": "p4.D10"}, {"branch_length": 1e-06, "name": "NODE_0290", "children": [{"ann": "p9.H3|LGMAHBGA_04331-69-hypothetical_protein", "name": "p9.H3|LGMAHBGA_04331", "branch_length": 1e-06, "accession": "p9.H3"}, {"branch_length": 1e-06, "name": "NODE_0289", "children": [{"ann": "p6.E10|EGAKMBFB_03680-12-hypothetical_protein", "name": "p6.E10|EGAKMBFB_03680", "branch_length": 1e-06, "accession": "p6.E10"}, {"branch_length": 1e-06, "name": "NODE_0288", "children": [{"ann": "p3.G2|MDPJHPKM_00526-1-hypothetical_protein", "name": "p3.G2|MDPJHPKM_00526", "branch_length": 1e-06, "accession": "p3.G2"}, {"branch_length": 1e-06, "name": "NODE_0287", "children": [{"ann": "p3.B12|GENAHNOA_01670-58-hypothetical_protein", "name": "p3.B12|GENAHNOA_01670", "branch_length": 1e-06, "accession": "p3.B12"}, {"branch_length": 1e-06, "name": "NODE_0286", "children": [{"ann": "p4.A10|OJFHGJCP_00420-1-hypothetical_protein", "name": "p4.A10|OJFHGJCP_00420", "branch_length": 1e-06, "accession": "p4.A10"}, {"branch_length": 1e-06, "name": "NODE_0285", "children": [{"ann": "p2.A2|IGHNDIAB_02067-31-hypothetical_protein", "name": "p2.A2|IGHNDIAB_02067", "branch_length": 1e-06, "accession": "p2.A2"}, {"branch_length": 1e-06, "name": "NODE_0284", "children": [{"ann": "p2.D9|BIFMCGHI_00525-1-hypothetical_protein", "name": "p2.D9|BIFMCGHI_00525", "branch_length": 1e-06, "accession": "p2.D9"}, {"branch_length": 1e-06, "name": "NODE_0283", "children": [{"ann": "p9.G10|APJOPCAG_04232-86-hypothetical_protein", "name": "p9.G10|APJOPCAG_04232", "branch_length": 1e-06, "accession": "p9.G10"}, {"branch_length": 1e-06, "name": "NODE_0282", "children": [{"ann": "p8.F8|AGKALJIC_05357-54-hypothetical_protein", "name": "p8.F8|AGKALJIC_05357", "branch_length": 1e-06, "accession": "p8.F8"}, {"branch_length": 1e-06, "name": "NODE_0281", "children": [{"ann": "p4.E9|CGLPCPLD_00365-1-hypothetical_protein", "name": "p4.E9|CGLPCPLD_00365", "branch_length": 1e-06, "accession": "p4.E9"}, {"branch_length": 1e-06, "name": "NODE_0280", "children": [{"ann": "p9.B12|NIILOLFE_03983-76-hypothetical_protein", "name": "p9.B12|NIILOLFE_03983", "branch_length": 1e-06, "accession": "p9.B12"}, {"ann": "p7.H2|DGIDLELO_00529-1-hypothetical_protein", "name": "p7.H2|DGIDLELO_00529", "branch_length": 1e-06, "accession": "p7.H2"}]}]}]}]}]}]}]}]}]}]}]}]}]}]}]}]}]}]}]}]}]}]}]}]}]}]}]}]}]}]}]}]}]}]}]}]}]}]}]}]}]}]}]}]}]}]}]}]}]}]}]}]}]}]}]}]}]}]}]}]}]}]}]}]}]}]}]}]}]}]}]}]}]}]}]}]}]}]}]}]}]}]}]}]}]}]}]}]}]}]}]}