accession	strain	latitude	longitude	Sequence Cluster	Sequence Cluster__colour	Sequence Type	Serotype	Benzylpenicillin MIC (ug/mL)	Ceftriaxone MIC (ug/mL)	Trimethoprim MIC (ug/mL)	Erythromycin MIC (ug/mL)	Tetracycline MIC (ug/mL)	Chloramphenicol MIC (ug/mL)	Year of Isolation	Year of Isolation__shape	Community of Isolation	Host Age (months)
CNST02000001	001334	42.4072107	-71.3824374	1	#8F4A4A	585	10A	<0.03	<0.03	0.25/4	<0.03	0.25		2001	circle	A	6-24
CNUR02000001	279388	42.4072107	-71.3824374	1	#8F4A4A	97	10A	<0.03	<0.03	0.12/2	<0.03			2001	circle	B	6-24
COCE02000001	5Z52R	42.4072107	-71.3824374	1	#8F4A4A	816	10A	0.023	0.023	0.125	0.064			2007	triangle	C	6-24
CFKD02000001	N5O68	42.4072107	-71.3824374	1	#8F4A4A	3290	10A	0.023	0.023	0.094	0.094			2007	triangle	D	24-36
COEA02000001	RUJ90	42.4072107	-71.3824374	1	#8F4A4A	816	10A	0.023	0.023	0.19	0.047			2007	triangle	D	24-36
COEG02000001	29ORI	42.4072107	-71.3824374	1	#8F4A4A	816	10A	0.032	0.032	0.125	0.064			2007	triangle	E	6-24
COFG02000001	RN3X8	42.4072107	-71.3824374	1	#8F4A4A	816	10A	0.023	0.032	0.25	0.094			2007	triangle	F	36-84
CFRQ02000001	PKMM4	42.4072107	-71.3824374	1	#8F4A4A	97	10A	0.016	0.016	0.19	0.094			2007	triangle	F	6-24
CNYN02000001	N6I98	42.4072107	-71.3824374	1	#8F4A4A	97	10A	0.023	0.023	0.125	0.094			2007	triangle	G	6-24
CNZL02000001	G2Z0B	42.4072107	-71.3824374	1	#8F4A4A	461	10A	0.023	0.032	0.125	0.094			2007	triangle	H	24-36
CNPI02000001	R34-3021	42.4072107	-71.3824374	1	#8F4A4A	585	10A	<=0.03	<=0.25	<=0.25	<=0.06	<=0.50	2.00	2004	square	I	36-84
CNPE02000001	R34-3024	42.4072107	-71.3824374	1	#8F4A4A	585	10A	<=0.03	<=0.25	<=0.25	<=0.06	<=0.50	2.00	2004	square	I	36-84
CNWY02000001	R34-3111	42.4072107	-71.3824374	1	#8F4A4A	816	10A	0.12	<=0.25	<=0.25	<=0.06	<=0.50	<=1.00	2004	square	G	24-36
CNXN02000001	R34-3157	42.4072107	-71.3824374	1	#8F4A4A	97	10A	<=0.03	<=0.25	<=0.25	<=0.06	<=0.50	2.00	2004	square	B	36-84
CFID02000001	R34-3182	42.4072107	-71.3824374	1	#8F4A4A	816	10A	<=0.03	<=0.25	<=0.25	<=0.06	<=0.50	<=1.00	2004	square	B	6-24
CNQQ02000001	R34-3184	42.4072107	-71.3824374	1	#8F4A4A	816	10A	<=0.03	<=0.25	<=0.25	<=0.06	<=0.50	2.00	2004	square	B	6-24
CNTH02000001	127530	42.4072107	-71.3824374	1	#8F4A4A	1953	35F	0.06	0.06	0.12/2	<0.03	2		2001	circle	B	6-24
CNPR02000001	473937	42.4072107	-71.3824374	1	#8F4A4A	498	35F	<0.03	<0.03	0.12/2	<0.03	0.12		2001	circle	A	24-36
COAX02000001	7C7G1	42.4072107	-71.3824374	1	#8F4A4A	498	35F	0.016	0.023	0.19	0.064			2007	triangle	J	24-36
CFLT02000001	0CNYC	42.4072107	-71.3824374	1	#8F4A4A	498	35F	0.016	0.016	0.064	0.047			2007	triangle	J	36-84
COCF02000001	NIPQY	42.4072107	-71.3824374	1	#8F4A4A	498	35F	0.016	0.023	0.19	0.094			2007	triangle	C	6-24
COCX02000001	Q7F26	42.4072107	-71.3824374	1	#8F4A4A	498	35F	0.016	0.023	0.125	0.064			2007	triangle	I	6-24
CODD02000001	4D0HZ	42.4072107	-71.3824374	1	#8F4A4A	498	35F	0.023	0.023	0.125	0.094			2007	triangle	D	24-36
CNYH02000001	4HUA7	42.4072107	-71.3824374	1	#8F4A4A	498	35F	0.016	0.023	0.125	0.064			2007	triangle	F	6-24
CHWY02000001	BL0SN	42.4072107	-71.3824374	1	#8F4A4A	498	35F	0.016	0.016	0.094	0.032			2007	triangle	G	6-24
CHWZ02000001	B50V6	42.4072107	-71.3824374	1	#8F4A4A	498	35F	0.023	0.023	0.125	0.094			2007	triangle	H	6-24
CNZX02000001	UVVWA	42.4072107	-71.3824374	1	#8F4A4A	498	35F	0.023	0.023	0.19	0.064			2007	triangle	H	<6
CHBO02000001	R34-3112	42.4072107	-71.3824374	1	#8F4A4A	498	35F	<=0.03	<=0.25	<=0.25	<=0.06	<=0.50	2.00	2004	square	G	6-24
CNWV02000001	R34-3118	42.4072107	-71.3824374	1	#8F4A4A	498	35F	<=0.03	<=0.25	<=0.25	<=0.06	<=0.50	2.00	2004	square	K	36-84
CNWL02000001	R34-3120	42.4072107	-71.3824374	1	#8F4A4A	498	35F	<=0.03	<=0.25	<=0.25	<=0.06	<=0.50	2.00	2004	square	L	6-24
CNQJ02000001	R34-3178	42.4072107	-71.3824374	1	#8F4A4A	498	35F	<=0.03	<=0.25	<=0.25	<=0.06	<=0.50	<=1.00	2004	square	F	6-24
CNRL02000001	R34-3191	42.4072107	-71.3824374	1	#8F4A4A	498	35F	<=0.03	<=0.25	<=0.25	<=0.06	<=0.50	2.00	2004	square	C	6-24
CNSB02000001	R34-3213	42.4072107	-71.3824374	1	#8F4A4A	498	35F	0.06	<=0.25	<=0.25	<=0.06	<=0.50	2.00	2004	square	B	36-84
CNRO02000001	R34-3216	42.4072107	-71.3824374	1	#8F4A4A	498	35F	0.06	<=0.25	<=0.25	<=0.06	<=0.50	2.00	2004	square	G	6-24
CNSW02000001	001996	42.4072107	-71.3824374	1	#8F4A4A	1360	6A	<0.03	<0.03	0.25/4	<0.03	0.25		2001	circle	L	6-24
CGDZ02000001	042397	42.4072107	-71.3824374	1	#8F4A4A	460	6A	0.06	0.06	>4/76	>1	0.12		2001	circle	J	24-36
CNSM02000001	062031	42.4072107	-71.3824374	1	#8F4A4A	460	6A	0.06	<0.03	4/76		0.25		2001	circle	M	36-84
CNTP02000001	089848	42.4072107	-71.3824374	1	#8F4A4A	460	6A	0.06	0.06	>4/76	<0.03	0.25		2001	circle	M	6-24
CNTJ02000001	118039	42.4072107	-71.3824374	1	#8F4A4A	460	6A	0.06	0.06	>4/76	<0.03	0.25		2001	circle	K	36-84
CNTG02000001	135631	42.4072107	-71.3824374	1	#8F4A4A	460	6A	0.06	<0.03	>4/76	<0.03	0.25		2001	circle	J	24-36
CNUU02000001	299801	42.4072107	-71.3824374	1	#8F4A4A	460	6A	0.06	0.06	>4/76	<0.03	0.12		2001	circle	E	<6
CIDR02000001	336850	42.4072107	-71.3824374	1	#8F4A4A	460	6A	<0.03	0.06	>4/76	<0.03	0.25		2001	circle	F	36-84
CNVJ02000001	383739	42.4072107	-71.3824374	1	#8F4A4A	460	6A	<0.03	<0.03	>4/76	<0.03	0.12		2001	circle	L	6-24
CFLN02000001	446376	42.4072107	-71.3824374	1	#8F4A4A	460	6A	0.06	0.06	>4/76	<0.03	0.25		2001	circle	J	36-84
CNPJ02000001	472699	42.4072107	-71.3824374	1	#8F4A4A	460	6A	0.06	0.06	>4/76	<0.03	0.25		2001	circle	N	36-84
CHIS02000001	CV6JA	42.4072107	-71.3824374	1	#8F4A4A	460	6A	0.064	0.094	>32	0.094			2007	triangle	F	6-24
CNPA02000001	R34-3018	42.4072107	-71.3824374	1	#8F4A4A	460	6A	0.06	<=0.25	>2.00	>0.50	<=0.50	2.00	2004	square	I	6-24
CNNG02000001	R34-3035	42.4072107	-71.3824374	1	#8F4A4A	460	6A	<=0.03	<=0.25	>2.00	<=0.06	<=0.50	2.00	2004	square	C	36-84
CNOT02000001	R34-3075	42.4072107	-71.3824374	1	#8F4A4A	460	6A	<=0.03	<=0.25	<=0.25	<=0.06	<=0.50	2.00	2004	square	F	6-24
CNQX02000001	R34-3166	42.4072107	-71.3824374	1	#8F4A4A	460	6A	<=0.03	<=0.25	<=0.25	<=0.06	<=0.50	2.00	2004	square	B	36-84
CNRU02000001	R34-3220	42.4072107	-71.3824374	1	#8F4A4A	460	6A	0.12	<=0.25	>2.00	<=0.06	<=0.50	2.00	2004	square	I	24-36
CFQO02000001	R34-3222	42.4072107	-71.3824374	1	#8F4A4A	460	6A	0.12	<=0.25	>2.00	<=0.06	<=0.50	2.00	2004	square	I	36-84
CFJS02000001	074124	42.4072107	-71.3824374	2	#FF0000	1913	11A	<0.03						2001	circle	L	24-36
CNTQ02000001	102720	42.4072107	-71.3824374	2	#FF0000	62	11A	0.06	<0.03	0.25/4	<0.03	0.25		2001	circle	L	36-84
CNUT02000001	242588	42.4072107	-71.3824374	2	#FF0000	62	11A	<0.03	<0.03	0.12/2	<0.03	<0.06		2001	circle	I	6-24
CNVC02000001	263137	42.4072107	-71.3824374	2	#FF0000	62	11A	<0.03	<0.03	0.25/4	<0.03	0.25		2001	circle	C	36-84
CNVD02000001	335574	42.4072107	-71.3824374	2	#FF0000	62	11A	<0.03	<0.03	0.25/4	<0.03	0.25		2001	circle	K	24-36
CNVM02000001	386329	42.4072107	-71.3824374	2	#FF0000	1913	11A	<0.03	<0.03	0.25/4	<0.03	0.25		2001	circle	L	24-36
CNVL02000001	389109	42.4072107	-71.3824374	2	#FF0000	62	11A	0.06	<0.03	2/38	<0.03	0.25		2001	circle	O	36-84
CNPH02000001	459747	42.4072107	-71.3824374	2	#FF0000	62	11A	<0.03	<0.03	0.5/9.	0.06	0.25		2001	circle	J	24-36
COAM02000001	FP9DM	42.4072107	-71.3824374	2	#FF0000	62	11A	0.023	0.023	0.19	0.047			2007	triangle	J	36-84
COBM02000001	E4NSI	42.4072107	-71.3824374	2	#FF0000	62	11A	0.016	0.016	0.125	0.047			2007	triangle	J	6-24
COBY02000001	DFS2Q	42.4072107	-71.3824374	2	#FF0000	62	11A	0.023	0.023	0.19	0.032			2007	triangle	C	36-84
COCA02000001	K9N0O	42.4072107	-71.3824374	2	#FF0000	3276	11A	0.023	0.023	0.19	0.032			2007	triangle	C	24-36
CFKA02000001	HWJVH	42.4072107	-71.3824374	2	#FF0000	62	11A	0.023	0.032	0.38	0.064			2007	triangle	C	<6
CFLV02000001	R52DJ	42.4072107	-71.3824374	2	#FF0000	62	11A	0.023	0.023	0.38	0.094			2007	triangle	D	6-24
CODG02000001	6ZCAZ	42.4072107	-71.3824374	2	#FF0000	62	11A	0.023	0.023	0.19	0.064			2007	triangle	D	36-84
CHBV02000001	H3Q9M	42.4072107	-71.3824374	2	#FF0000	62	11A	0.032	0.023	0.25	6			2007	triangle	D	6-24
CFRE02000001	J1LX6	42.4072107	-71.3824374	2	#FF0000	62	11A	0.032	0.023	0.25	0.094			2007	triangle	D	24-36
CODX02000001	F1G5R	42.4072107	-71.3824374	2	#FF0000	62	11A	0.023	0.023	0.25	0.064			2007	triangle	D	36-84
COEB02000001	F1ODP	42.4072107	-71.3824374	2	#FF0000	62	11A	0.023	0.023	0.19	0.032			2007	triangle	D	36-84
COEO02000001	9ABKR	42.4072107	-71.3824374	2	#FF0000	62	11A	0.023	0.023	0.19	0.032			2007	triangle	E	24-36
COES02000001	8AH8E	42.4072107	-71.3824374	2	#FF0000	62	11A	0.016	0.016	0.19	0.032			2007	triangle	E	6-24
COFS02000001	5J97G	42.4072107	-71.3824374	2	#FF0000	62	11A	0.023	0.032	0.25	0.064			2007	triangle	F	6-24
COFT02000001	3YFA4	42.4072107	-71.3824374	2	#FF0000	62	11A	0.023	0.023	0.38	0.064			2007	triangle	F	36-84
COFW02000001	KYDZM	42.4072107	-71.3824374	2	#FF0000	62	11A	0.023	0.023	0.19	0.023			2007	triangle	F	<6
COFV02000001	QHXZZ	42.4072107	-71.3824374	2	#FF0000	62	11A	0.016	0.016	0.125	0.047			2007	triangle	F	24-36
CNYB02000001	8G3XE	42.4072107	-71.3824374	2	#FF0000	62	11A	0.023	0.023	0.19	0.064			2007	triangle	F	24-36
CNYC02000001	T14BF	42.4072107	-71.3824374	2	#FF0000	62	11A	0.023	0.023	0.19	0.064			2007	triangle	F	6-24
CNYK02000001	F7IXH	42.4072107	-71.3824374	2	#FF0000	62	11A	0.023	0.016	0.19	0.064			2007	triangle	G	6-24
CFJT02000001	RAV85	42.4072107	-71.3824374	2	#FF0000	62	11A	0.023	0.023	0.19	0.064			2007	triangle	G	36-84
CNZP02000001	RQ6NH	42.4072107	-71.3824374	2	#FF0000	62	11A	0.032	0.032	0.19	0.032			2007	triangle	H	6-24
CNZR02000001	6CO3C	42.4072107	-71.3824374	2	#FF0000	62	11A	0.023	0.023	0.125	0.047			2007	triangle	H	6-24
CNZQ02000001	XCJ97	42.4072107	-71.3824374	2	#FF0000	62	11A	0.016	0.023	0.25	0.094			2007	triangle	H	6-24
CNZW02000001	28I7H	42.4072107	-71.3824374	2	#FF0000	62	11A	0.023	0.023	0.19	0.047			2007	triangle	H	6-24
CNNY02000001	R34-3052	42.4072107	-71.3824374	2	#FF0000	62	11A	<=0.03	<=0.25	<=0.25	<=0.06	<=0.50	2.00	2004	square	G	36-84
CNOA02000001	R34-3054	42.4072107	-71.3824374	2	#FF0000	62	11A	<=0.03	<=0.25	<=0.25	<=0.06	<=0.50	2.00	2004	square	F	<6
CHBF02000001	R34-3071	42.4072107	-71.3824374	2	#FF0000	62	11A	<=0.03	<=0.25	<=0.25	<=0.06	<=0.50	2.00	2004	square	F	6-24
CFRA02000001	R34-3080	42.4072107	-71.3824374	2	#FF0000	62	11A	<=0.03	<=0.25	<=0.25	<=0.06	<=0.50	4.00	2004	square	D	36-84
CNWJ02000001	R34-3081	42.4072107	-71.3824374	2	#FF0000	62	11A	<=0.03	<=0.25	<=0.25	<=0.06	<=0.50	4.00	2004	square	D	36-84
CNWE02000001	R34-3095	42.4072107	-71.3824374	2	#FF0000	62	11A	<=0.03	<=0.25	>2.00	<=0.06	<=0.50	2.00	2004	square	H	36-84
CNXD02000001	R34-3147	42.4072107	-71.3824374	2	#FF0000	1913	11A	<=0.03	<=0.25	<=0.25	<=0.06	<=0.50	2.00	2004	square	L	24-36
CNXF02000001	R34-3149	42.4072107	-71.3824374	2	#FF0000	408	11A	<=0.03	<=0.25	<=0.25	<=0.06	<=0.50	2.00	2004	square	I	36-84
CNXL02000001	R34-3155	42.4072107	-71.3824374	2	#FF0000	62	11A	<=0.03	<=0.25	<=0.25	<=0.06	<=0.50	2.00	2004	square	N	36-84
CNXJ02000001	R34-3156	42.4072107	-71.3824374	2	#FF0000	62	11A	<=0.03	<=0.25	<=0.25	<=0.06	<=0.50	2.00	2004	square	L	36-84
CNQR02000001	R34-3170	42.4072107	-71.3824374	2	#FF0000	62	11A	<=0.03	<=0.25	<=0.25	<=0.06	<=0.50	2.00	2004	square	E	36-84
CNRI02000001	R34-3203	42.4072107	-71.3824374	2	#FF0000	62	11A	<=0.03	<=0.25	2.00	<=0.06	<=0.50	2.00	2004	square	G	24-36
CNRX02000001	R34-3208	42.4072107	-71.3824374	2	#FF0000	62	11A	<=0.03	<=0.25	<=0.25	<=0.06	<=0.50	2.00	2004	square	D	6-24
CNSC02000001	R34-3214	42.4072107	-71.3824374	2	#FF0000	62	11A	<=0.03	<=0.25	<=0.25	<=0.06	<=0.50	2.00	2004	square	G	36-84
CNRZ02000001	R34-3228	42.4072107	-71.3824374	2	#FF0000	62	11A	0.06	<=0.25	<=0.25	<=0.06	<=0.50	2.00	2004	square	K	6-24
CHIT02000001	SLXY1	42.4072107	-71.3824374	3	#327A33	63	15A	0.19	0.094	3	>256			2007	triangle	J	6-24
COAZ02000001	IB8MW	42.4072107	-71.3824374	3	#327A33	1914	15A	0.064	0.064	0.38	0.094			2007	triangle	J	6-24
COBD02000001	W5HGR	42.4072107	-71.3824374	3	#327A33	63	15A	0.064	0.016	6	>256			2007	triangle	J	<6
COBE02000001	KRHYA	42.4072107	-71.3824374	3	#327A33	63	15A	0.125	0.094	3	>256			2007	triangle	J	36-84
COFH02000001	XCB66	42.4072107	-71.3824374	3	#327A33	63	15A	0.38	0.125	>32	>256			2007	triangle	F	6-24
CNYF02000001	UJECB	42.4072107	-71.3824374	3	#327A33	63	15A	0.38	0.125	0.19	>256			2007	triangle	F	36-84
CNYO02000001	CSI7H	42.4072107	-71.3824374	3	#327A33	63	15A	0.19	0.125	0.25	>256			2007	triangle	G	36-84
CHIQ02000001	Z4952	42.4072107	-71.3824374	3	#327A33	1915	15A	0.19	0.19	4	>256			2007	triangle	G	24-36
CFIT02000001	XVMDP	42.4072107	-71.3824374	3	#327A33	1915	15A	0.25	0.25	6	>256			2007	triangle	G	36-84
CNZJ02000001	T8K26	42.4072107	-71.3824374	3	#327A33	63	15A	0.25	0.19	0.25	>256			2007	triangle	H	<6
CFIV02000001	8QTW4	42.4072107	-71.3824374	3	#327A33	63	15A	0.25	0.094	0.19	32			2007	triangle	H	36-84
CNNQ02000001	R34-3036	42.4072107	-71.3824374	3	#327A33	1914	15A	0.25	<=0.25	<=0.25	<=0.06	<=0.50	2.00	2004	square	J	24-36
CNNJ02000001	R34-3040	42.4072107	-71.3824374	3	#327A33	63	15A	<=0.03	<=0.25	<=0.25	>0.50	<=0.50	4.00	2004	square	C	36-84
CNOI02000001	R34-3064	42.4072107	-71.3824374	3	#327A33	63	15A	0.12	<=0.25	>2.00	>0.50	>4.00	4.00	2004	square	P	24-36
CNOR02000001	R34-3077	42.4072107	-71.3824374	3	#327A33	63	15A	0.12	<=0.25	1.00	>0.50	>4.00	4.00	2004	square	E	6-24
CIDQ02000001	R34-3126	42.4072107	-71.3824374	3	#327A33	63	15A	0.25	<=0.25	2.00	>0.50	>4.00	4.00	2004	square	N	36-84
CHWX02000001	R34-3130	42.4072107	-71.3824374	3	#327A33	63	15A	0.25	<=0.25	2.00	>0.50	>4.00	4.00	2004	square	N	36-84
CNXP02000001	R34-3138	42.4072107	-71.3824374	3	#327A33	63	15A	0.25	<=0.25	>2.00	>0.50	>4.00	4.00	2004	square	P	36-84
CNXE02000001	R34-3150	42.4072107	-71.3824374	3	#327A33	1914	15A	0.25	<=0.25	<=0.25	<=0.06	<=0.50	2.00	2004	square	B	36-84
CNXM02000001	R34-3158	42.4072107	-71.3824374	3	#327A33	63	15A	0.25	<=0.25	>2.00	>0.50	>4.00	4.00	2004	square	A	24-36
CNQK02000001	R34-3179	42.4072107	-71.3824374	3	#327A33	1915	15A	0.25	<=0.25	>2.00	>0.50	>4.00	4.00	2004	square	F	6-24
CNRS02000001	R34-3225	42.4072107	-71.3824374	3	#327A33	63	15A	0.25	<=0.25	<=0.25	>0.50	>4.00	4.00	2004	square	K	36-84
CHBI02000001	R34-3226	42.4072107	-71.3824374	3	#327A33	63	15A	0.25	<=0.25	<=0.25	>0.50	>4.00	4.00	2004	square	K	24-36
CFIR02000001	HB7S5	42.4072107	-71.3824374	3	#327A33	63	19A	0.19	0.38	0.25	>256			2007	triangle	F	6-24
CNRG02000001	R34-3199	42.4072107	-71.3824374	3	#327A33	63	19A	0.25	<=0.25	<=0.25	>0.50	>4.00	4.00	2004	square	P	<6
CNSI02000001	035100	42.4072107	-71.3824374	4	#3B17EB	1901	22F	<0.03	<0.03	0.12/2	<0.03	0.25		2001	circle	B	24-36
CNTI02000001	120581	42.4072107	-71.3824374	4	#3B17EB	433	22F	<0.03	<0.03	0.25/4	<0.03	0.25		2001	circle	N	24-36
CNUK02000001	153408	42.4072107	-71.3824374	4	#3B17EB	433	22F	<0.03	<0.03	<0.06/	<0.03	0.12		2001	circle	A	36-84
CNUN02000001	163286	42.4072107	-71.3824374	4	#3B17EB	433	22F	<0.03	<0.03	0.12/2	<0.03	0.12		2001	circle	N	36-84
CNVI02000001	385385	42.4072107	-71.3824374	4	#3B17EB	433	22F	<0.03						2001	circle	J	36-84
COCO02000001	RWZJE	42.4072107	-71.3824374	4	#3B17EB	433	22F	0.016	0.016	0.125	0.047			2007	triangle	C	36-84
CODZ02000001	FBPNS	42.4072107	-71.3824374	4	#3B17EB	433	22F	0.016	0.023	0.19	0.064			2007	triangle	D	6-24
COFQ02000001	120T7	42.4072107	-71.3824374	4	#3B17EB	433	22F	0.032	0.023	0.25	0.64			2007	triangle	F	36-84
CNYM02000001	FJZZW	42.4072107	-71.3824374	4	#3B17EB	433	22F	0.023	0.023	0.125	0.047			2007	triangle	G	24-36
CFLO02000001	Q3H1U	42.4072107	-71.3824374	4	#3B17EB	1901	22F	0.032	0.023	0.125	0.064			2007	triangle	G	6-24
COAA02000001	DQKYE	42.4072107	-71.3824374	4	#3B17EB	433	22F	0.016	0.023	0.19	0.047			2007	triangle	H	6-24
COAF02000001	I0UZQ	42.4072107	-71.3824374	4	#3B17EB	433	22F	0.023	0.032	0.25	0.094			2007	triangle	H	6-24
CNOY02000001	R34-3012	42.4072107	-71.3824374	4	#3B17EB	1337	22F	0.06	<=0.25	<=0.25	<=0.06	<=0.50	2.00	2004	square	D	36-84
CNPG02000001	R34-3017	42.4072107	-71.3824374	4	#3B17EB	433	22F	0.06	<=0.25	<=0.25	<=0.06	<=0.50	2.00	2004	square	I	24-36
CNWI02000001	R34-3082	42.4072107	-71.3824374	4	#3B17EB	1337	22F	0.06	<=0.25	<=0.25	<=0.06	<=0.50	2.00	2004	square	D	36-84
CNVZ02000001	R34-3090	42.4072107	-71.3824374	4	#3B17EB	1337	22F	0.06	<=0.25	<=0.25	<=0.06	<=0.50	2.00	2004	square	D	24-36
CNWA02000001	R34-3091	42.4072107	-71.3824374	4	#3B17EB	433	22F	<=0.03	<=0.25	<=0.25	<=0.06	<=0.50	2.00	2004	square	D	6-24
CNXQ02000001	R34-3143	42.4072107	-71.3824374	4	#3B17EB	433	22F	0.12	<=0.25	<=0.25	<=0.06	<=0.50	2.00	2004	square	L	24-36
CFJR02000001	R34-3167	42.4072107	-71.3824374	4	#3B17EB	433	22F	0.06	<=0.25	<=0.25	<=0.06	<=0.50	2.00	2004	square	K	36-84
CNRN02000001	R34-3187	42.4072107	-71.3824374	4	#3B17EB	433	22F	<=0.03	<=0.25	<=0.25	<=0.06	<=0.50	2.00	2004	square	L	6-24
CNRA02000001	R34-3189	42.4072107	-71.3824374	4	#3B17EB	433	22F	<=0.03	<=0.25	<=0.25	<=0.06	<=0.50	2.00	2004	square	H	36-84
CIKC02000001	VPPXV	42.4072107	-71.3824374	5	#13E8DD	156	11A	0.38	0.25	>32	0.094			2007	triangle	J	36-84
CHBX02000001	3FBXJ	42.4072107	-71.3824374	5	#13E8DD	162	15B/C	0.023	0.032	0.19	0.064			2007	triangle	D	24-36
COEU02000001	NJ41D	42.4072107	-71.3824374	5	#13E8DD	3275	15B/C	0.023	0.023	0.19	0.064			2007	triangle	E	6-24
COFN02000001	5MZ1D	42.4072107	-71.3824374	5	#13E8DD	162	15B/C	0.023	0.023	0.19	0.064			2007	triangle	F	36-84
CHXA02000001	R34-3109	42.4072107	-71.3824374	5	#13E8DD	162	15B/C							2004	square	G	24-36
COCT02000001	F8P25	42.4072107	-71.3824374	5	#13E8DD	1925	19A	0.125	0.094	>32	8			2007	triangle	I	6-24
COFF02000001	XQR0B	42.4072107	-71.3824374	5	#13E8DD	1925	19A	0.19	0.094	>32	12			2007	triangle	F	6-24
CNWC02000001	R34-3093	42.4072107	-71.3824374	5	#13E8DD	1925	19A	0.25	<=0.25	>2.00	>0.50	<=0.50	2.00	2004	square	M	24-36
CNSH02000001	R34-3215	42.4072107	-71.3824374	5	#13E8DD	1925	19A	0.25	<=0.25	>2.00	>0.50	<=0.50	2.00	2004	square	G	<6
CFQE02000001	234323	42.4072107	-71.3824374	5	#13E8DD	156	9V	4	1	>4/76	<0.03	0.5		2001	circle	E	6-24
CNVA02000001	312942	42.4072107	-71.3824374	5	#13E8DD	156	9V	4	2	>4/76	<0.03	0.25		2001	circle	P	6-24
COAH02000001	422264	42.4072107	-71.3824374	5	#13E8DD	156	9V	4	1	>4/76	<0.03	0.25		2001	circle	G	<6
CHWT02000001	R34-3016	42.4072107	-71.3824374	5	#13E8DD	156	9V	2.00	1.00	>2.00	<=0.06	<=0.50	2.00	2004	square	I	36-84
COBW02000001	STPDE	42.4072107	-71.3824374	5	#13E8DD	162	9V	0.023	0.023	0.25	0.094			2007	triangle	C	<6
CNNT02000001	R34-3045	42.4072107	-71.3824374	5	#13E8DD	156	9V	1.00	1.00	>2.00	<=0.06	<=0.50	2.00	2004	square	F	36-84
CHBT02000001	HR2T3	42.4072107	-71.3824374	6	#E329CD	3280	15B/C	0.25	0.19	1	0.5			2007	triangle	H	6-24
CIDT02000001	0FQ8K	42.4072107	-71.3824374	6	#E329CD	3280	15B/C	0.25	0.19	0.5	0.25			2007	triangle	H	6-24
CFQZ02000001	H8YKW	42.4072107	-71.3824374	6	#E329CD	3280	15B/C	0.25	0.19	1	0.38			2007	triangle	H	6-24
CNZS02000001	01ZWM	42.4072107	-71.3824374	6	#E329CD	3280	15B/C	0.38	0.19	0.75	0.25			2007	triangle	H	36-84
COAI02000001	BJF60	42.4072107	-71.3824374	6	#E329CD	3280	15B/C	0.38	0.125	1.5	0.5			2007	triangle	H	24-36
CHXE02000001	0GB6K	42.4072107	-71.3824374	6	#E329CD	338	23A	0.064	0.094	0.19	0.047			2007	triangle	J	36-84
COCY02000001	OSEY6	42.4072107	-71.3824374	6	#E329CD	338	23A	0.125	0.094	0.75	0.064			2007	triangle	I	6-24
CODW02000001	DNB90	42.4072107	-71.3824374	6	#E329CD	338	23A	0.032	0.094	1	0.064			2007	triangle	D	6-24
COEI02000001	5XCD5	42.4072107	-71.3824374	6	#E329CD	338	23A	0.094	0.094	0.125	0.064			2007	triangle	E	24-36
COER02000001	TV66E	42.4072107	-71.3824374	6	#E329CD	338	23A	0.094	0.094	0.19	0.032			2007	triangle	E	6-24
COFR02000001	UNUOJ	42.4072107	-71.3824374	6	#E329CD	338	23A	0.125	0.064	0.19	0.047			2007	triangle	F	36-84
CNXX02000001	28PCJ	42.4072107	-71.3824374	6	#E329CD	338	23A	0.38	0.25	0.125	>256			2007	triangle	F	6-24
CFRS02000001	A12WS	42.4072107	-71.3824374	6	#E329CD	338	23A	0.094	0.094	0.19	0.047			2007	triangle	H	36-84
CFQX02000001	R34-3047	42.4072107	-71.3824374	6	#E329CD	338	23A	0.12	<=0.25	<=0.25	<=0.06	<=0.50	2.00	2004	square	O	36-84
CFRD02000001	R34-3123	42.4072107	-71.3824374	6	#E329CD	338	23A	0.12	<=0.25	<=0.25	<=0.06	<=0.50	2.00	2004	square	G	24-36
CFQF02000001	R34-3209	42.4072107	-71.3824374	6	#E329CD	338	23A	0.12	<=0.25	<=0.25	<=0.06	<=0.50	2.00	2004	square	L	6-24
COAR02000001	O3452	42.4072107	-71.3824374	6	#E329CD	1373	23B	0.125	0.094	1.5	0.032			2007	triangle	J	6-24
CFIS02000001	1LQKE	42.4072107	-71.3824374	6	#E329CD	1373	23B	0.125	0.094	1.5	0.064			2007	triangle	F	24-36
CNXK02000001	R34-3136	42.4072107	-71.3824374	6	#E329CD	342	23F	0.12	<=0.25	0.50	>0.50	>4.00	2.00	2004	square	C	6-24
CNUE02000001	153438	42.4072107	-71.3824374	6	#E329CD	1827	6B	0.06	<0.03	0.25/4	<0.03	0.25		2001	circle	A	36-84
CNTT02000001	174702	42.4072107	-71.3824374	6	#E329CD	639	6B	<0.03	<0.03	0.12/2	<0.03	0.25		2001	circle	C	6-24
CNUJ02000001	223832	42.4072107	-71.3824374	6	#E329CD	138	6B							2001	circle	P	36-84
CFQD02000001	481643	42.4072107	-71.3824374	6	#E329CD	138	6B	<0.03	<0.03	0.25/4	<0.03	0.25		2001	circle	L	6-24
CNPS02000001	487827	42.4072107	-71.3824374	6	#E329CD	138	6B	<0.03	<0.03	0.25/4	<0.03	0.25		2001	circle	E	6-24
CIIN02000001	UB6XH	42.4072107	-71.3824374	6	#E329CD	138	6B	0.023	0.016	0.25	0.047			2007	triangle	E	6-24
CNRF02000001	R34-3186	42.4072107	-71.3824374	6	#E329CD	138	6B	<=0.03	<=0.25	<=0.25	<=0.06	<=0.50	2.00	2004	square	L	36-84
CNRE02000001	R34-3194	42.4072107	-71.3824374	6	#E329CD	SLV176	6B	<=0.03	<=0.25	<=0.25	<=0.06	<=0.50	2.00	2004	square	C	36-84
COEH02000001	1TR6C	42.4072107	-71.3824374	6	#E329CD	138	6C	< 0.01	0.016	3	0.064			2007	triangle	E	36-84
COBP02000001	7RCF0	42.4072107	-71.3824374	7	#F5F522	191	7F	0.016	0.023	0.125	0.064			2007	triangle	J	6-24
COBT02000001	UFG1A	42.4072107	-71.3824374	7	#F5F522	191	7F	0.023	0.023	0.125	0.094			2007	triangle	C	36-84
CIED02000001	RJBFJ	42.4072107	-71.3824374	7	#F5F522	191	7F	0.023	0.023	0.19	0.094			2007	triangle	F	36-84
CFJV02000001	B4R32	42.4072107	-71.3824374	7	#F5F522	191	7F	0.023	0.023	0.19	0.064			2007	triangle	F	36-84
CFQV02000001	3BDEM	42.4072107	-71.3824374	7	#F5F522	191	7F	0.023	0.023	0.125	0.094			2007	triangle	F	6-24
CNZE02000001	Y89K0	42.4072107	-71.3824374	7	#F5F522	191	7F	0.016	0.023	0.125	0.064			2007	triangle	G	<6
CNZU02000001	D8RPY	42.4072107	-71.3824374	7	#F5F522	191	7F	0.023	0.023	0.125	0.094			2007	triangle	H	24-36
COAB02000001	55NO4	42.4072107	-71.3824374	7	#F5F522	191	7F	0.016	0.023	0.125	0.047			2007	triangle	H	36-84
CNQM02000001	R34-3163	42.4072107	-71.3824374	7	#F5F522	191	7F	<=0.03	<=0.25	<=0.25	<=0.06	<=0.50	<=1.00	2004	square	I	36-84
CNRQ02000001	R34-3219	42.4072107	-71.3824374	7	#F5F522	191	7F	0.06	<=0.25	<=0.25	<=0.06	<=0.50	2.00	2004	square	G	36-84
CNSY02000001	072782	42.4072107	-71.3824374	8	#B0EDA8	199	15B/C	<0.03	<0.03	0.12/2	<0.03	0.12		2001	circle	O	6-24
CNSX02000001	103453	42.4072107	-71.3824374	8	#B0EDA8	1938	15B/C	0.06	<0.03	>4/76	0.5	>8		2001	circle	F	36-84
CNTK02000001	146066	42.4072107	-71.3824374	8	#B0EDA8	199	15B/C	<0.03	<0.03	0.12/2	<0.03	0.25		2001	circle	C	6-24
CHIP02000001	217475	42.4072107	-71.3824374	8	#B0EDA8	199	15B/C	<0.03	<0.03	0.12/2	<0.03	0.25		2001	circle	P	36-84
CNVV02000001	362412	42.4072107	-71.3824374	8	#B0EDA8	199	15B/C							2001	circle	C	36-84
CNVU02000001	365152	42.4072107	-71.3824374	8	#B0EDA8	199	15B/C	<0.03	<0.03	0.25/4	<0.03	0.12		2001	circle	O	36-84
CFLQ02000001	372297	42.4072107	-71.3824374	8	#B0EDA8	199	15B/C	<0.03	<0.03	0.12/2	<0.03	0.12		2001	circle	A	6-24
CNPQ02000001	483391	42.4072107	-71.3824374	8	#B0EDA8	199	15B/C	<0.03	<0.03	0.12/2	<0.03	0.25		2001	circle	O	36-84
CNPW02000001	492706	42.4072107	-71.3824374	8	#B0EDA8	199	15B/C	<0.03	<0.03	0.12/2	<0.03	0.12		2001	circle	P	<6
CNPV02000001	509365	42.4072107	-71.3824374	8	#B0EDA8	199	15B/C	0.06	<0.03	0.25/4	<0.03	0.25		2001	circle	E	6-24
COBQ02000001	DH8X5-2	42.4072107	-71.3824374	8	#B0EDA8	199	15B/C	0.023	0.047	0.19	0.094			2007	triangle	J	6-24
COBS02000001	K51SW	42.4072107	-71.3824374	8	#B0EDA8	199	15B/C	0.023	0.047	0.19	0.064			2007	triangle	J	24-36
CFRH02000001	PXB8V	42.4072107	-71.3824374	8	#B0EDA8	199	15B/C	0.023	0.032	0.25	0.047			2007	triangle	J	24-36
COAU02000001	TG9A8	42.4072107	-71.3824374	8	#B0EDA8	199	15B/C	0.023	0.032	0.125	0.064			2007	triangle	J	36-84
COCC02000001	FQPLS	42.4072107	-71.3824374	8	#B0EDA8	199	15B/C	0.032	0.032	0.38	0.094			2007	triangle	C	6-24
COCH02000001	WQ9GV	42.4072107	-71.3824374	8	#B0EDA8	199	15B/C	0.023	0.032	0.38	0.094			2007	triangle	C	36-84
CODB02000001	IRE4I	42.4072107	-71.3824374	8	#B0EDA8	199	15B/C	0.023	0.023	0.125	0.047			2007	triangle	I	6-24
CFRI02000001	P4GIC	42.4072107	-71.3824374	8	#B0EDA8	199	15B/C	0.016	0.016	0.094	0.064			2007	triangle	I	6-24
COEJ02000001	EH2WN	42.4072107	-71.3824374	8	#B0EDA8	199	15B/C	0.023	0.023	0.19	3			2007	triangle	D	36-84
CODR02000001	XZHZP	42.4072107	-71.3824374	8	#B0EDA8	199	15B/C	0.023	0.032	0.19	0.094			2007	triangle	D	6-24
COEQ02000001	AYFPY	42.4072107	-71.3824374	8	#B0EDA8	199	15B/C	0.023	0.023	0.125	0.047			2007	triangle	E	36-84
CHXK02000001	IMAPY	42.4072107	-71.3824374	8	#B0EDA8	199	15B/C	0.032	0.032	0.125	0.047			2007	triangle	E	24-36
CHXG02000001	QLCSW	42.4072107	-71.3824374	8	#B0EDA8	199	15B/C	0.023	0.023	0.125	8			2007	triangle	E	36-84
COEY02000001	5QBRP	42.4072107	-71.3824374	8	#B0EDA8	199	15B/C	0.023	0.047	0.125	0.094			2007	triangle	F	6-24
CNYY02000001	PN3IH	42.4072107	-71.3824374	8	#B0EDA8	199	15B/C	0.032	0.047	0.25	0.094			2007	triangle	F	36-84
CNXU02000001	ESBKM	42.4072107	-71.3824374	8	#B0EDA8	199	15B/C	0.032	0.032	0.125	0.125			2007	triangle	F	36-84
CNYV02000001	PCKMO	42.4072107	-71.3824374	8	#B0EDA8	199	15B/C	0.023	0.032	0.25	3			2007	triangle	G	36-84
CNYZ02000001	LJ6JL	42.4072107	-71.3824374	8	#B0EDA8	199	15B/C	0.023	0.023	0.19	6			2007	triangle	G	36-84
COAD02000001	IZCEG	42.4072107	-71.3824374	8	#B0EDA8	199	15B/C	0.023	0.032	0.19	3			2007	triangle	H	24-36
CFJQ02000001	R34-3011	42.4072107	-71.3824374	8	#B0EDA8	199	15B/C	0.06	<=0.25	<=0.25	>0.50	<=0.50	<=1.00	2004	square	D	6-24
CNPP02000001	R34-3014	42.4072107	-71.3824374	8	#B0EDA8	199	15B/C	0.06	<=0.25	<=0.25	>0.50	<=0.50	2.00	2004	square	D	24-36
CNNI02000001	R34-3030	42.4072107	-71.3824374	8	#B0EDA8	199	15B/C	<=0.03	<=0.25	<=0.25	<=0.06	<=0.50	<=1.00	2004	square	C	36-84
CNNP02000001	R34-3031	42.4072107	-71.3824374	8	#B0EDA8	199	15B/C	<=0.03	<=0.25	>2.00	<=0.06	<=0.50	2.00	2004	square	C	36-84
CNNH02000001	R34-3034	42.4072107	-71.3824374	8	#B0EDA8	199	15B/C	0.06	<=0.25	<=0.25	<=0.06	<=0.50	2.00	2004	square	J	24-36
CFJX02000001	R34-3140	42.4072107	-71.3824374	8	#B0EDA8	199	15B/C	0.06	<=0.25	1.00	<=0.06	<=0.50	2.00	2004	square	L	6-24
CNXB02000001	R34-3144	42.4072107	-71.3824374	8	#B0EDA8	199	15B/C	<=0.03	<=0.25	<=0.25	>0.50	<=0.50	2.00	2004	square	C	6-24
CNXI02000001	R34-3153	42.4072107	-71.3824374	8	#B0EDA8	199	15B/C	<=0.03	<=0.25	<=0.25	<=0.06	<=0.50	2.00	2004	square	N	24-36
CNXH02000001	R34-3154	42.4072107	-71.3824374	8	#B0EDA8	199	15B/C	<=0.03	<=0.25	<=0.25	<=0.06	<=0.50	2.00	2004	square	I	24-36
CNXO02000001	R34-3159	42.4072107	-71.3824374	8	#B0EDA8	1932	15B/C	<=0.03	<=0.25	<=0.25	0.12	<=0.50	2.00	2004	square	L	6-24
CNQB02000001	R34-3160	42.4072107	-71.3824374	8	#B0EDA8	199	15B/C	<=0.03	<=0.25	<=0.25	<=0.06	<=0.50	2.00	2004	square	L	36-84
CNQF02000001	R34-3175	42.4072107	-71.3824374	8	#B0EDA8	199	15B/C	<=0.03	<=0.25	<=0.25	<=0.06	<=0.50	2.00	2004	square	K	36-84
CNRM02000001	R34-3188	42.4072107	-71.3824374	8	#B0EDA8	199	15B/C	0.06	<=0.25	<=0.25	<=0.06	<=0.50	<=1.00	2004	square	F	6-24
CNRK02000001	R34-3192	42.4072107	-71.3824374	8	#B0EDA8	199	15B/C	0.06	<=0.25	<=0.25	<=0.06	<=0.50	2.00	2004	square	B	6-24
CNQU02000001	R34-3205	42.4072107	-71.3824374	8	#B0EDA8	199	15B/C	<=0.03	<=0.25	<=0.25	<=0.06	<=0.50	2.00	2004	square	J	6-24
CNRB02000001	R34-3206	42.4072107	-71.3824374	8	#B0EDA8	199	15B/C	0.06	<=0.25	<=0.25	<=0.06	<=0.50	2.00	2004	square	J	24-36
CHBJ02000001	R34-3212	42.4072107	-71.3824374	8	#B0EDA8	199	15B/C	0.06	<=0.25	<=0.25	<=0.06	<=0.50	2.00	2004	square	L	36-84
COFO02000001	8PY5X	42.4072107	-71.3824374	8	#B0EDA8	199	15B/C	0.023	0.023	0.25	0.047			2007	triangle	F	6-24
CNYI02000001	M6AJV	42.4072107	-71.3824374	8	#B0EDA8	199	15B/C	0.023	0.032	0.094	0.032			2007	triangle	F	24-36
CFIU02000001	WWC1T	42.4072107	-71.3824374	8	#B0EDA8	199	15B/C	0.023	0.023	0.25	0.094			2007	triangle	G	36-84
CNOK02000001	R34-3063	42.4072107	-71.3824374	8	#B0EDA8	199	15B/C	<=0.03	<=0.25	<=0.25	<=0.06	<=0.50	2.00	2004	square	G	6-24
CNSK02000001	057144	42.4072107	-71.3824374	8	#B0EDA8	199	19A	0.12						2001	circle	H	36-84
CNTC02000001	080104	42.4072107	-71.3824374	8	#B0EDA8	199	19A	0.12	0.06	>4/76	<0.03	0.25		2001	circle	N	6-24
CNTN02000001	135771	42.4072107	-71.3824374	8	#B0EDA8	199	19A	0.12	<0.03	0.25/4	<0.03	0.25		2001	circle	K	6-24
CNTZ02000001	148056	42.4072107	-71.3824374	8	#B0EDA8	1936	19A	4	2	>4/76	0.06	0.25		2001	circle	N	36-84
CNUG02000001	160449	42.4072107	-71.3824374	8	#B0EDA8	199	19A	0.12	0.06	0.25/4	<0.03	0.25		2001	circle	K	36-84
CNUD02000001	210162	42.4072107	-71.3824374	8	#B0EDA8	1936	19A	2	1	>4/76	<0.03	0.12		2001	circle	J	24-36
CNUH02000001	218186	42.4072107	-71.3824374	8	#B0EDA8	199	19A	0.12	<0.03	0.12/2	<0.03	0.12		2001	circle	O	6-24
CIDV02000001	266035	42.4072107	-71.3824374	8	#B0EDA8	199	19A	0.12	<0.03	0.12/2	<0.03	0.12		2001	circle	P	36-84
CNUS02000001	312034	42.4072107	-71.3824374	8	#B0EDA8	199	19A	0.12	0.06	1/19	>1	0.12		2001	circle	I	6-24
CNVH02000001	366293	42.4072107	-71.3824374	8	#B0EDA8	199	19A	0.25	0.06	4/76	<0.03			2001	circle	K	6-24
COAK02000001	6EO69	42.4072107	-71.3824374	8	#B0EDA8	1756	19A	0.094	0.094	0.125	0.094			2007	triangle	J	6-24
COBC02000001	RZPNF	42.4072107	-71.3824374	8	#B0EDA8	199	19A	0.125	0.064	0.75	0.064			2007	triangle	J	24-36
CHXL02000001	6UUPJ	42.4072107	-71.3824374	8	#B0EDA8	199	19A	0.094	0.047	0.094	0.094			2007	triangle	J	24-36
COBL02000001	BHCQB	42.4072107	-71.3824374	8	#B0EDA8	199	19A	0.125	0.094	0.125	0.094			2007	triangle	C	36-84
CFKC02000001	RCBGR	42.4072107	-71.3824374	8	#B0EDA8	199	19A	0.5	0.5	>32	6			2007	triangle	I	24-36
COCW02000001	WNYEL	42.4072107	-71.3824374	8	#B0EDA8	199	19A	0.094	0.064	0.19	0.064			2007	triangle	I	36-84
CODA02000001	WLTN8	42.4072107	-71.3824374	8	#B0EDA8	2344	19A	2	1.5	8	0.064			2007	triangle	I	6-24
CODE02000001	RL36E	42.4072107	-71.3824374	8	#B0EDA8	199	19A	0.094	0.064	0.19	0.064			2007	triangle	I	<6
CODU02000001	REQGJ	42.4072107	-71.3824374	8	#B0EDA8	199	19A	0.094	0.064	0.125	0.064			2007	triangle	I	6-24
CFIW02000001	LOOXY	42.4072107	-71.3824374	8	#B0EDA8	199	19A	0.125	0.125	0.19	0.094			2007	triangle	D	36-84
CODK02000001	FUOYQ	42.4072107	-71.3824374	8	#B0EDA8	199	19A	0.094	0.094	0.19	0.094			2007	triangle	D	6-24
CODS02000001	Z60YP	42.4072107	-71.3824374	8	#B0EDA8	199	19A	0.094	0.094	0.25	0.064			2007	triangle	D	<6
COED02000001	DPGZI	42.4072107	-71.3824374	8	#B0EDA8	199	19A	0.25	0.047	1.5	4			2007	triangle	D	36-84
CFIF02000001	YQUAQ	42.4072107	-71.3824374	8	#B0EDA8	199	19A	0.023	0.016	0.19	0.094			2007	triangle	E	<6
COEW02000001	IZQWI	42.4072107	-71.3824374	8	#B0EDA8	667	19A	0.023	0.023	0.125	0.064			2007	triangle	E	6-24
COFJ02000001	1V4ME	42.4072107	-71.3824374	8	#B0EDA8	199	19A	0.094	0.094	0.125	0.064			2007	triangle	F	6-24
CHXI02000001	VQC7K	42.4072107	-71.3824374	8	#B0EDA8	199	19A	0.125	0.064	0.25	0.094			2007	triangle	F	6-24
CNXW02000001	KMMCT	42.4072107	-71.3824374	8	#B0EDA8	199	19A	0.094	0.064	0.125	0.064			2007	triangle	F	6-24
CNZC02000001	6JSY8	42.4072107	-71.3824374	8	#B0EDA8	199	19A	0.094	0.064	0.125	0.047			2007	triangle	G	6-24
CNZB02000001	0OH1I	42.4072107	-71.3824374	8	#B0EDA8	876	19A	0.094	0.064	0.5	8			2007	triangle	G	<6
CNZG02000001	LIW28	42.4072107	-71.3824374	8	#B0EDA8	667	19A	0.023	0.023	6	0.094			2007	triangle	H	24-36
CNZH02000001	6FXSQ	42.4072107	-71.3824374	8	#B0EDA8	667	19A	0.032	0.047	0.125	0.094			2007	triangle	H	36-84
CNZK02000001	2EAKR	42.4072107	-71.3824374	8	#B0EDA8	199	19A	0.125	0.094	3	0.094			2007	triangle	H	6-24
CFLR02000001	RMEOX	42.4072107	-71.3824374	8	#B0EDA8	1673	19A	0.125	0.094	0.125	0.064			2007	triangle	H	6-24
CFIE02000001	ATBLM	42.4072107	-71.3824374	8	#B0EDA8	199	19A	0.094	0.064	0.25	0.094			2007	triangle	H	36-84
CNNU02000001	R34-3049	42.4072107	-71.3824374	8	#B0EDA8	667	19A	<=0.03	<=0.25	<=0.25	<=0.06	<=0.50	2.00	2004	square	J	6-24
CFQR02000001	R34-3061	42.4072107	-71.3824374	8	#B0EDA8	667	19A	<=0.03	<=0.25	<=0.25	<=0.06	<=0.50	2.00	2004	square	G	24-36
CNON02000001	R34-3068	42.4072107	-71.3824374	8	#B0EDA8	199	19A	0.12	<=0.25	<=0.25	<=0.06	<=0.50	2.00	2004	square	F	36-84
CNOP02000001	R34-3073	42.4072107	-71.3824374	8	#B0EDA8	199	19A	0.06	<=0.25	<=0.25	<=0.06	<=0.50	2.00	2004	square	F	6-24
CNWD02000001	R34-3079	42.4072107	-71.3824374	8	#B0EDA8	199	19A	0.25	<=0.25	<=0.25	<=0.06	<=0.50	<=1.00	2004	square	D	6-24
CNWS02000001	R34-3103	42.4072107	-71.3824374	8	#B0EDA8	199	19A	<=0.03	<=0.25	1.00	<=0.06	<=0.50	2.00	2004	square	H	6-24
CHWW02000001	R34-3110	42.4072107	-71.3824374	8	#B0EDA8	1935	19A	<=0.03	<=0.25	<=0.25	<=0.06	<=0.50	2.00	2004	square	G	6-24
CIIL02000001	R34-3116	42.4072107	-71.3824374	8	#B0EDA8	199	19A	<=0.03	<=0.25	<=0.25	<=0.06	<=0.50	2.00	2004	square	L	6-24
CNWM02000001	R34-3124	42.4072107	-71.3824374	8	#B0EDA8	199	19A	0.06	<=0.25	<=0.25	<=0.06	<=0.50	2.00	2004	square	G	6-24
CNQV02000001	R34-3185	42.4072107	-71.3824374	8	#B0EDA8	199	19A	0.12	<=0.25	<=0.25	<=0.06	<=0.50	<=1.00	2004	square	L	24-36
CNRD02000001	R34-3197	42.4072107	-71.3824374	8	#B0EDA8	199	19A	0.12	<=0.25	<=0.25	<=0.06	<=0.50	2.00	2004	square	B	36-84
CIDX02000001	R34-3218	42.4072107	-71.3824374	8	#B0EDA8	199	19A	0.12	<=0.25	<=0.25	<=0.06	<=0.50	2.00	2004	square	B	36-84
CHXD02000001	095344	42.4072107	-71.3824374	8	#B0EDA8	199	7C	<0.03	<0.03	0.12/2	<0.03	0.12		2001	circle	B	6-24
CNUF02000001	276430	42.4072107	-71.3824374	9	#A5C4D9	SLV42	18C	<0.03	<0.03	<0.06/	<0.03	<0.06		2001	circle	I	36-84
CIIJ02000001	154389	42.4072107	-71.3824374	9	#A5C4D9	436	23A	<0.03	<0.03	0.12/2	<0.03	0.25		2001	circle	N	6-24
CNVQ02000001	354557	42.4072107	-71.3824374	9	#A5C4D9	436	23A	<0.03	<0.03	0.12/2	0.06	0.25		2001	circle	N	36-84
CHBW02000001	ON38S	42.4072107	-71.3824374	9	#A5C4D9	42	23A	0.023	0.023	0.38	0.094			2007	triangle	J	36-84
COBI02000001	5ZS1X	42.4072107	-71.3824374	9	#A5C4D9	439	23A	0.023	0.023	0.064	0.047			2007	triangle	J	36-84
COBU02000001	9T42W	42.4072107	-71.3824374	9	#A5C4D9	438	23A	0.064	0.064	0.38	0.064			2007	triangle	C	<6
COBX02000001	TEF7S	42.4072107	-71.3824374	9	#A5C4D9	190	23A	0.023	0.023	0.19	0.094			2007	triangle	C	6-24
COCN02000001	2AHBE	42.4072107	-71.3824374	9	#A5C4D9	438	23A	0.023	0.023	0.125	0.094			2007	triangle	C	6-24
CFRC02000001	J9GMM	42.4072107	-71.3824374	9	#A5C4D9	1839	23A	0.19	0.094	12	12			2007	triangle	I	36-84
CFLU02000001	YHPD0	42.4072107	-71.3824374	9	#A5C4D9	1839	23A	0.023	0.032	0.19	0.094			2007	triangle	I	6-24
CODI02000001	CJISL	42.4072107	-71.3824374	9	#A5C4D9	42	23A	0.023	0.023	0.094	0.094			2007	triangle	D	24-36
CODP02000001	LIT4Q	42.4072107	-71.3824374	9	#A5C4D9	1839	23A	0.023	0.032	0.25	0.094			2007	triangle	D	6-24
CODO02000001	ZXPKH	42.4072107	-71.3824374	9	#A5C4D9	42	23A	0.023	0.023	0.125	0.064			2007	triangle	D	6-24
COFL02000001	94ORH	42.4072107	-71.3824374	9	#A5C4D9	42	23A	0.032	0.016	0.19	0.064			2007	triangle	F	6-24
CNZN02000001	Y0160	42.4072107	-71.3824374	9	#A5C4D9	SLV3289	23A	0.023	0.023	0.19	0.094			2007	triangle	H	6-24
CNNW02000001	R34-3050	42.4072107	-71.3824374	9	#A5C4D9	SLV1949	23A	<=0.03	<=0.25	<=0.25	<=0.06	<=0.50	<=1.00	2004	square	J	36-84
CNNX02000001	R34-3051	42.4072107	-71.3824374	9	#A5C4D9	438	23A	<=0.03	<=0.25	<=0.25	<=0.06	<=0.50	<=1.00	2004	square	G	6-24
CNOB02000001	R34-3055	42.4072107	-71.3824374	9	#A5C4D9	1839	23A	<=0.03	<=0.25	<=0.25	<=0.06	<=0.50	<=1.00	2004	square	F	6-24
CNOC02000001	R34-3057	42.4072107	-71.3824374	9	#A5C4D9	438	23A	<=0.03	<=0.25	<=0.25	<=0.06	<=0.50	<=1.00	2004	square	G	6-24
CNOM02000001	R34-3067	42.4072107	-71.3824374	9	#A5C4D9	1839	23A	1.00	<=0.25	>2.00	<=0.06	<=0.50	<=1.00	2004	square	F	24-36
CNWX02000001	R34-3127	42.4072107	-71.3824374	9	#A5C4D9	1839	23A	<=0.03	<=0.25	<=0.25	<=0.06	<=0.50	<=1.00	2004	square	G	36-84
CNQG02000001	R34-3174	42.4072107	-71.3824374	9	#A5C4D9	1839	23A	<=0.03	<=0.25	<=0.25	<=0.06	<=0.50	<=1.00	2004	square	M	36-84
CNQI02000001	R34-3177	42.4072107	-71.3824374	9	#A5C4D9	42	23A	<=0.03	<=0.25	<=0.25	<=0.06	<=0.50	<=1.00	2004	square	F	6-24
CNUZ02000001	248734	42.4072107	-71.3824374	9	#A5C4D9	439	23B	<0.03	<0.03	0.25/4	<0.03	0.25		2001	circle	D	6-24
COBO02000001	FOR95	42.4072107	-71.3824374	9	#A5C4D9	36	23B	0.047	0.032	0.125	0.064			2007	triangle	J	24-36
COAY02000001	QRPPW	42.4072107	-71.3824374	9	#A5C4D9	36	23B	0.023	0.023	0.19	0.094			2007	triangle	J	<6
COCM02000001	C3W41	42.4072107	-71.3824374	9	#A5C4D9	1847	23B	0.023	0.032	0.064	0.064			2007	triangle	C	6-24
CFJZ02000001	DYJGL	42.4072107	-71.3824374	9	#A5C4D9	439	23B	0.023	0.023	0.38	0.064			2007	triangle	I	36-84
CFLP02000001	WCULS	42.4072107	-71.3824374	9	#A5C4D9	439	23B	0.016	0.023	0.094	0.064			2007	triangle	I	6-24
CHXF02000001	3MB4Z	42.4072107	-71.3824374	9	#A5C4D9	439	23B	0.023	0.023	0.19	0.047			2007	triangle	D	6-24
CODY02000001	WYMQI	42.4072107	-71.3824374	9	#A5C4D9	439	23B	0.023	0.032	0.19	0.064			2007	triangle	D	24-36
COEE02000001	BDGWM	42.4072107	-71.3824374	9	#A5C4D9	1847	23B	0.016	0.023	0.094	0.032			2007	triangle	D	6-24
COEN02000001	8A4VR	42.4072107	-71.3824374	9	#A5C4D9	36	23B	0.047	0.023	0.19	0.094			2007	triangle	E	6-24
COFB02000001	DP07V	42.4072107	-71.3824374	9	#A5C4D9	1448	23B	0.023	0.023	0.094	0.094			2007	triangle	F	6-24
CFRL02000001	7LLCL	42.4072107	-71.3824374	9	#A5C4D9	1847	23B	0.023	0.032	0.19	0.064			2007	triangle	F	<6
CHIR02000001	T7IZ1	42.4072107	-71.3824374	9	#A5C4D9	36	23B	0.023	0.032	0.125	0.064			2007	triangle	F	6-24
CFKB02000001	LFB15	42.4072107	-71.3824374	9	#A5C4D9	439	23B	0.023	0.032	0.125	0.094			2007	triangle	F	6-24
CNYE02000001	04WB3	42.4072107	-71.3824374	9	#A5C4D9	1847	23B	0.023	0.023	0.094	0.047			2007	triangle	G	36-84
CNPB02000001	R34-3019	42.4072107	-71.3824374	9	#A5C4D9	439	23B	<=0.03	<=0.25	<=0.25	<=0.06	<=0.50	2.00	2004	square	I	36-84
CNOS02000001	R34-3020	42.4072107	-71.3824374	9	#A5C4D9	439	23B	<=0.03	<=0.25	<=0.25	<=0.06	<=0.50	2.00	2004	square	I	36-84
CNOU02000001	R34-3022	42.4072107	-71.3824374	9	#A5C4D9	1847	23B	<=0.03	<=0.25	<=0.25	<=0.06	<=0.50	2.00	2004	square	I	36-84
CIKP02000001	R34-3114	42.4072107	-71.3824374	9	#A5C4D9	439	23B	<=0.03	<=0.25	<=0.25	<=0.06	<=0.50	2.00	2004	square	L	36-84
CHBH02000001	R34-3169	42.4072107	-71.3824374	9	#A5C4D9	439	23B	<=0.03	<=0.25	<=0.25	<=0.06	<=0.50	2.00	2004	square	L	36-84
CNRC02000001	R34-3195	42.4072107	-71.3824374	9	#A5C4D9	439	23B	<=0.03	<=0.25	<=0.25	>0.50	<=0.50	2.00	2004	square	C	24-36
CNTE02000001	025310	42.4072107	-71.3824374	9	#A5C4D9	36	23F	<0.03						2001	circle	B	6-24
CNSG02000001	049470	42.4072107	-71.3824374	9	#A5C4D9	629	23F	0.06	0.12	1/19	<0.03	0.25		2001	circle	M	24-36
CNUI02000001	151684	42.4072107	-71.3824374	9	#A5C4D9	33	23F	<0.03	<0.03	1/19	>1	0.25		2001	circle	L	36-84
CNTX02000001	203692	42.4072107	-71.3824374	9	#A5C4D9	36	23F	<0.03	<0.03		<0.03	0.12		2001	circle	O	24-36
CFLL02000001	239434	42.4072107	-71.3824374	9	#A5C4D9	36	23F	<0.03	<0.03	0.12/2	<0.03	<0.06		2001	circle	B	36-84
CHBM02000001	365502	42.4072107	-71.3824374	9	#A5C4D9	439	23F	>4	>2	0.25/4	<0.03	0.25		2001	circle	J	6-24
CNPX02000001	427937	42.4072107	-71.3824374	9	#A5C4D9	627	23F	>4	>2	>4/76		0.12		2001	circle	E	24-36
CNPO02000001	462956	42.4072107	-71.3824374	9	#A5C4D9	36	23F	0.12	0.06	4/76	<0.03	0.12		2001	circle	H	36-84
CNOW02000001	R34-3013	42.4072107	-71.3824374	9	#A5C4D9	1908	23F	1.00	0.50	>2.00	<=0.06	<=0.50	<=1.00	2004	square	D	36-84
CNOZ02000001	R34-3029	42.4072107	-71.3824374	9	#A5C4D9	36	23F	<=0.03	<=0.25	<=0.25	<=0.06	<=0.50	2.00	2004	square	C	36-84
CNOQ02000001	R34-3076	42.4072107	-71.3824374	9	#A5C4D9	36	23F	<=0.03	<=0.25	<=0.25	<=0.06	<=0.50	2.00	2004	square	F	24-36
CNQP02000001	R34-3181	42.4072107	-71.3824374	9	#A5C4D9	1909	23F	<=0.03	<=0.25	>2.00	<=0.06	<=0.50	2.00	2004	square	H	36-84
CNTL02000001	093209	42.4072107	-71.3824374	10	#FA8500	1379	6C	<0.03	<0.03	0.25/4	<0.03	0.25		2001	circle	J	36-84
CNTA02000001	119571	42.4072107	-71.3824374	10	#FA8500	1390	6C	<0.03	<0.03	0.25/4	<0.03	0.25		2001	circle	I	36-84
CNUO02000001	291880	42.4072107	-71.3824374	10	#FA8500	1390	6C	<0.03	<0.03	0.25/4	<0.03	0.25		2001	circle	K	36-84
COAN02000001	NB8E4	42.4072107	-71.3824374	10	#FA8500	1390	6C	0.023	0.032	0.19	0.064			2007	triangle	J	6-24
CRYL02000001	QQK9Y	42.4072107	-71.3824374	10	#FA8500	1379	6C	0.016	0.016	0.25	0.064			2007	triangle	J	24-36
COCV02000001	SEOTT	42.4072107	-71.3824374	10	#FA8500	1379	6C	0.016	0.023	0.19	0.064			2007	triangle	I	36-84
CFLY02000001	ODNWT	42.4072107	-71.3824374	10	#FA8500	1379	6C	0.5	0.38	8	2			2007	triangle	D	6-24
CODV02000001	V5VF1	42.4072107	-71.3824374	10	#FA8500	1390	6C	0.023	0.023	0.19	0.064			2007	triangle	D	6-24
COEL02000001	PHY03	42.4072107	-71.3824374	10	#FA8500	1390	6C	0.032	0.032	0.19	0.064			2007	triangle	E	6-24
COFK02000001	8CRCE	42.4072107	-71.3824374	10	#FA8500	1390	6C	0.023	0.023	0.38	0.094			2007	triangle	F	36-84
CNXT02000001	PWGX0	42.4072107	-71.3824374	10	#FA8500	1379	6C	0.023	0.023	0.38	0.064			2007	triangle	F	6-24
CNXZ02000001	6PU39	42.4072107	-71.3824374	10	#FA8500	1390	6C	0.023	0.023	0.19	0.064			2007	triangle	F	36-84
CNYP02000001	NKLJL	42.4072107	-71.3824374	10	#FA8500	1379	6C	0.023	0.016	0.25	0.094			2007	triangle	G	36-84
CNYT02000001	3JK7Y	42.4072107	-71.3824374	10	#FA8500	1390	6C	0.023	0.023	1	0.094			2007	triangle	G	<6
CNYU02000001	057G3	42.4072107	-71.3824374	10	#FA8500	1390	6C	0.016	0.023	1	0.032			2007	triangle	G	6-24
CNZA02000001	4XILA	42.4072107	-71.3824374	10	#FA8500	1379	6C	0.5	0.38	3	1.5			2007	triangle	G	6-24
CIIT02000001	LY288	42.4072107	-71.3824374	10	#FA8500	1379	6C	0.5	0.38	3	1.5			2007	triangle	H	24-36
CHXC02000001	QU2WM	42.4072107	-71.3824374	10	#FA8500	1379	6C	0.5	0.38	4	1.5			2007	triangle	H	6-24
CHXJ02000001	QD0ZV	42.4072107	-71.3824374	10	#FA8500	1390	6C	0.023	0.023	0.25	0.094			2007	triangle	H	36-84
CNNM02000001	R34-3041	42.4072107	-71.3824374	10	#FA8500	1390	6C	<=0.03	<=0.25	2.00	<=0.06	<=0.50	2.00	2004	square	J	36-84
CNOF02000001	R34-3060	42.4072107	-71.3824374	10	#FA8500	1379	6C	<=0.03	<=0.25	<=0.25	<=0.06	<=0.50	2.00	2004	square	G	<6
CNOO02000001	R34-3072	42.4072107	-71.3824374	10	#FA8500	1390	6C	<=0.03	<=0.25	<=0.25	<=0.06	<=0.50	2.00	2004	square	F	36-84
CNVY02000001	R34-3089	42.4072107	-71.3824374	10	#FA8500	1390	6C	<=0.03	<=0.25	<=0.25	<=0.06	<=0.50	2.00	2004	square	M	36-84
CNWB02000001	R34-3092	42.4072107	-71.3824374	10	#FA8500	1390	6C	<=0.03	<=0.25	1.00	<=0.06	<=0.50	2.00	2004	square	D	6-24
CNWP02000001	R34-3125	42.4072107	-71.3824374	10	#FA8500	1390	6C	<=0.03	<=0.25	2.00	<=0.06	<=0.50	2.00	2004	square	G	6-24
CNNZ02000001	R34-3053	42.4072107	-71.3824374	10	#FA8500	1379	NT	<=0.03	<=0.25	<=0.25	>0.50	<=0.50	4.00	2004	square	P	6-24
CNSZ02000001	007649	42.4072107	-71.3824374	11	#B89C7D	558	35B	2	0.5	0.25/4	>1	0.25		2001	circle	J	36-84
CNSL02000001	067094	42.4072107	-71.3824374	11	#B89C7D	558	35B	2	1	0.25/4	<0.03	0.25		2001	circle	F	6-24
CNUX02000001	379678	42.4072107	-71.3824374	11	#B89C7D	558	35B	4	1	>4/76		0.5		2001	circle	K	36-84
COAL02000001	T8Z8O	42.4072107	-71.3824374	11	#B89C7D	558	35B	1.5	1	0.19	0.064			2007	triangle	J	6-24
CHXB02000001	F77ZH	42.4072107	-71.3824374	11	#B89C7D	558	35B	1.5	1	0.19	0.064			2007	triangle	C	36-84
COCI02000001	4K4C9	42.4072107	-71.3824374	11	#B89C7D	558	35B	1.5	0.5	0.19	0.047			2007	triangle	C	6-24
COCD02000001	QWSZT	42.4072107	-71.3824374	11	#B89C7D	558	35B	1.5	1	0.125	4			2007	triangle	C	<6
COCG02000001	4PYM0	42.4072107	-71.3824374	11	#B89C7D	558	35B	1.5	1	0.19	0.094			2007	triangle	C	36-84
COCQ02000001	WAMFH	42.4072107	-71.3824374	11	#B89C7D	558	35B	1.5	0.75	0.125	0.064			2007	triangle	C	6-24
COCS02000001	W8IHX	42.4072107	-71.3824374	11	#B89C7D	558	35B	1.5	1	1	0.064			2007	triangle	I	6-24
CODF02000001	9D25H	42.4072107	-71.3824374	11	#B89C7D	558	35B	1.5	1	1.5	0.064			2007	triangle	I	36-84
CODJ02000001	P1NM2	42.4072107	-71.3824374	11	#B89C7D	3277	35B	2	1	0.19	0.064			2007	triangle	D	24-36
CODM02000001	0U64I	42.4072107	-71.3824374	11	#B89C7D	558	35B	0.75	0.75	0.38	0.064			2007	triangle	D	6-24
CODQ02000001	UTEDZ	42.4072107	-71.3824374	11	#B89C7D	558	35B	1	0.75	0.19	0.047			2007	triangle	D	6-24
COEK02000001	B1KMB	42.4072107	-71.3824374	11	#B89C7D	558	35B	1.5	1	0.19	0.064			2007	triangle	E	6-24
COEP02000001	AFVC5	42.4072107	-71.3824374	11	#B89C7D	558	35B	1.5	1	0.19	16			2007	triangle	E	6-24
CHXN02000001	REAOU	42.4072107	-71.3824374	11	#B89C7D	558	35B	2	1.5	0.25	0.094			2007	triangle	E	6-24
COFI02000001	0NWX9	42.4072107	-71.3824374	11	#B89C7D	558	35B	1.5	1	0.38	>256			2007	triangle	F	<6
CNYG02000001	1VDX8	42.4072107	-71.3824374	11	#B89C7D	558	35B	2	1	0.19	0.047			2007	triangle	F	36-84
CNYD02000001	CCV1H	42.4072107	-71.3824374	11	#B89C7D	558	35B	1.5	0.75	0.125	0.032			2007	triangle	F	6-24
CNYR02000001	W9GKO	42.4072107	-71.3824374	11	#B89C7D	558	35B	1	1	>32	6			2007	triangle	G	6-24
CFJU02000001	LS3OB	42.4072107	-71.3824374	11	#B89C7D	558	35B	1.5	1	0.125	0.047			2007	triangle	G	36-84
CNZF02000001	RS9D2	42.4072107	-71.3824374	11	#B89C7D	558	35B	1.5	1	1	0.047			2007	triangle	G	6-24
CFQY02000001	6893Z	42.4072107	-71.3824374	11	#B89C7D	558	35B	1.5	1	0.125	0.094			2007	triangle	G	6-24
CNZI02000001	81LMX	42.4072107	-71.3824374	11	#B89C7D	558	35B	1.5	1	0.19	0.094			2007	triangle	H	6-24
CNZO02000001	BZ2I7	42.4072107	-71.3824374	11	#B89C7D	558	35B	1.5	1.5	0.125	0.064			2007	triangle	H	6-24
CHBS02000001	O0RHB	42.4072107	-71.3824374	11	#B89C7D	558	35B	1.5	1	0.19	0.064			2007	triangle	H	6-24
CNZT02000001	O61U7	42.4072107	-71.3824374	11	#B89C7D	558	35B	1.5	0.75	0.19	0.064			2007	triangle	H	6-24
CNZV02000001	O8I1E	42.4072107	-71.3824374	11	#B89C7D	558	35B	1	0.5	0.25	0.094			2007	triangle	H	6-24
COAG02000001	JBYFY	42.4072107	-71.3824374	11	#B89C7D	558	35B	1.5	1	0.19	0.064			2007	triangle	H	6-24
CNPL02000001	R34-3025	42.4072107	-71.3824374	11	#B89C7D	558	35B	1.00	0.50	0.50	<=0.06	<=0.50	2.00	2004	square	M	6-24
CNNL02000001	R34-3044	42.4072107	-71.3824374	11	#B89C7D	558	35B	1.00	1.00	<=0.25	<=0.06	<=0.50	2.00	2004	square	F	24-36
CNOL02000001	R34-3069	42.4072107	-71.3824374	11	#B89C7D	558	35B	0.06	0.50	>2.00	<=0.06	<=0.50	2.00	2004	square	F	6-24
CNOV02000001	R34-3074	42.4072107	-71.3824374	11	#B89C7D	558	35B	0.06	0.50	<=0.25	<=0.06	<=0.50	2.00	2004	square	F	6-24
CNWN02000001	R34-3083	42.4072107	-71.3824374	11	#B89C7D	558	35B	2.00	1.00	<=0.25	<=0.06	<=0.50	2.00	2004	square	D	36-84
CNVX02000001	R34-3087	42.4072107	-71.3824374	11	#B89C7D	558	35B	1.00	0.50	<=0.25	<=0.06	<=0.50	2.00	2004	square	M	36-84
CNWG02000001	R34-3097	42.4072107	-71.3824374	11	#B89C7D	558	35B	2.00	0.50	<=0.25	<=0.06	<=0.50	2.00	2004	square	H	36-84
CNWT02000001	R34-3119	42.4072107	-71.3824374	11	#B89C7D	558	35B	1.00	0.50	2.00	<=0.06	<=0.50	2.00	2004	square	L	6-24
CNXA02000001	R34-3131	42.4072107	-71.3824374	11	#B89C7D	558	35B	2.00	1.00	<=0.25	<=0.06	<=0.50	2.00	2004	square	G	6-24
CNXR02000001	R34-3139	42.4072107	-71.3824374	11	#B89C7D	558	35B	2.00	1.00	<=0.25	<=0.06	<=0.50	2.00	2004	square	L	36-84
CNQO02000001	R34-3164	42.4072107	-71.3824374	11	#B89C7D	1947	35B	2.00	1.00	<=0.25	<=0.06	<=0.50	2.00	2004	square	B	<6
CNQN02000001	R34-3165	42.4072107	-71.3824374	11	#B89C7D	558	35B	2.00	1.00	<=0.25	>0.50	<=0.50	2.00	2004	square	B	<6
CNQC02000001	R34-3172	42.4072107	-71.3824374	11	#B89C7D	3632	35B	2.00	1.00	<=0.25	>0.50	>4.00	2.00	2004	square	E	6-24
CNQS02000001	R34-3204	42.4072107	-71.3824374	11	#B89C7D	558	35B	2.00	1.00	<=0.25	<=0.06	<=0.50	2.00	2004	square	L	36-84
CNRW02000001	R34-3227	42.4072107	-71.3824374	11	#B89C7D	558	35B	2.00	1.00	<=0.25	<=0.06	<=0.50	2.00	2004	square	M	<6
CNRY02000001	R34-3229	42.4072107	-71.3824374	11	#B89C7D	558	35B	2.00	1.00	<=0.25	<=0.06	<=0.50	2.00	2004	square	M	6-24
CNVE02000001	255210	42.4072107	-71.3824374	12	#DEAFDC	449	NT							2001	circle	D	6-24
CNVO02000001	403790	42.4072107	-71.3824374	12	#DEAFDC	1054	NT	<0.03	<0.03	0.5/9.	1	0.12		2001	circle	P	36-84
CNPK02000001	462746	42.4072107	-71.3824374	12	#DEAFDC	448	NT	<0.03	<0.03	0.12/2	>1	0.25		2001	circle	E	36-84
CNPU02000001	508907	42.4072107	-71.3824374	12	#DEAFDC	448	NT	<0.03	<0.03	0.25/4	<0.03	0.25		2001	circle	O	24-36
CODC02000001	68G2D	42.4072107	-71.3824374	12	#DEAFDC	448	NT	<0.016	0.023	0.125	0.064			2007	triangle	D	<6
CFQQ02000001	WVCE6	42.4072107	-71.3824374	12	#DEAFDC	448	NT	<0.016	<0.016	0.125	0.094			2007	triangle	H	6-24
CNPF02000001	R34-3015	42.4072107	-71.3824374	12	#DEAFDC	448	NT	<=0.03	<=0.25	<=0.25	<=0.06	<=0.50	2.00	2004	square	D	6-24
CFQL02000001	R34-3032	42.4072107	-71.3824374	12	#DEAFDC	448	NT	<=0.03	<=0.25	<=0.25	<=0.06	<=0.50	2.00	2004	square	C	36-84
CNNO02000001	R34-3039	42.4072107	-71.3824374	12	#DEAFDC	448	NT	0.12	<=0.25	<=0.25	<=0.06	<=0.50	2.00	2004	square	C	36-84
CFJY02000001	R34-3088	42.4072107	-71.3824374	12	#DEAFDC	344	NT							2004	square	H	6-24
CNTB02000001	015445	42.4072107	-71.3824374	13	#9E2E9A	1876	6A	0.5	0.25	0.25/4	>1	0.25		2001	circle	A	36-84
CNSE02000001	042861	42.4072107	-71.3824374	13	#9E2E9A	SLV1911	6A	0.12	0.06	0.25/4	<0.03	0.5		2001	circle	P	36-84
CHBL02000001	101058	42.4072107	-71.3824374	13	#9E2E9A	690	6A	0.06	0.06	0.12/2	<0.03	0.25		2001	circle	K	36-84
CNTU02000001	166637	42.4072107	-71.3824374	13	#9E2E9A	473	6A	0.5	0.25	0.25/4	>1	0.5		2001	circle	E	6-24
CNTW02000001	181272	42.4072107	-71.3824374	13	#9E2E9A	1876	6A	0.5	0.25	0.25/4	>1	0.5		2001	circle	K	6-24
CNVT02000001	359370	42.4072107	-71.3824374	13	#9E2E9A	1876	6A	0.5	0.25	0.25/4	>1	0.25		2001	circle	L	36-84
CIDS02000001	420881	42.4072107	-71.3824374	13	#9E2E9A	1940	6A	0.25	0.25	0.25/4	>1	0.25		2001	circle	L	36-84
COCJ02000001	0TN5H	42.4072107	-71.3824374	13	#9E2E9A	1876	6A	0.38	0.19	0.125	3			2007	triangle	C	36-84
CNPD02000001	R34-3027	42.4072107	-71.3824374	13	#9E2E9A	473	6A	0.12	<=0.25	<=0.25	>0.50	>4.00	2.00	2004	square	M	36-84
CNWF02000001	R34-3096	42.4072107	-71.3824374	13	#9E2E9A	1928	6A	0.25	<=0.25	<=0.25	>0.50	<=0.50	2.00	2004	square	H	6-24
CFIP02000001	R34-3099	42.4072107	-71.3824374	13	#9E2E9A	1927	6A	0.25	<=0.25	<=0.25	>0.50	<=0.50	2.00	2004	square	H	6-24
CNXG02000001	R34-3151	42.4072107	-71.3824374	13	#9E2E9A	1876	6A	0.25	<=0.25	<=0.25	>0.50	<=0.50	2.00	2004	square	B	6-24
CNQL02000001	R34-3180	42.4072107	-71.3824374	13	#9E2E9A	690	6A	0.12	<=0.25	<=0.25	<=0.06	<=0.50	2.00	2004	square	H	36-84
CHIO02000001	R34-3210	42.4072107	-71.3824374	13	#9E2E9A	1876	6A	0.50	<=0.25	<=0.25	>0.50	<=0.50	2.00	2004	square	L	6-24
CNSA02000001	R34-3211	42.4072107	-71.3824374	13	#9E2E9A	1876	6A	0.25	<=0.25	<=0.25	>0.50	<=0.50	2.00	2004	square	L	6-24
CHWV02000001	R34-3100	42.4072107	-71.3824374	13	#9E2E9A	690	6B	0.12	<=0.25	<=0.25	<=0.06	<=0.50	2.00	2004	square	H	6-24
COBB02000001	CM917	42.4072107	-71.3824374	13	#9E2E9A	473	6C	0.047	0.047	0.125	0.064			2007	triangle	J	36-84
COCZ02000001	FU8OL	42.4072107	-71.3824374	13	#9E2E9A	473	6C	0.032	0.047	0.19	0.064			2007	triangle	I	36-84
CNYX02000001	5W908	42.4072107	-71.3824374	13	#9E2E9A	473	6C	0.016	0.023	0.125	0.064			2007	triangle	F	6-24
CNSO02000001	051715	42.4072107	-71.3824374	14	#F59AC3	376	6A	4	1	>4/76	>1	0.25		2001	circle	P	6-24
CNSN02000001	065435	42.4072107	-71.3824374	14	#F59AC3	376	6A	4	0.25	>4/76	>1	0.25		2001	circle	O	6-24
CNSR02000001	108480	42.4072107	-71.3824374	14	#F59AC3	376	6A	2	0.25	>4/76	>1	0.25		2001	circle	L	6-24
CNTV02000001	179743	42.4072107	-71.3824374	14	#F59AC3	376	6A	2	0.5	>4/76	>1	0.25		2001	circle	L	6-24
CNVS02000001	342672	42.4072107	-71.3824374	14	#F59AC3	1922	6A	1	0.25	4/76	<0.03	0.12		2001	circle	G	6-24
CNPN02000001	448643	42.4072107	-71.3824374	14	#F59AC3	376	6A	2	0.5	>4/76	>1	0.25		2001	circle	P	36-84
COEM02000001	CXQ2T	42.4072107	-71.3824374	14	#F59AC3	1538	6A	3	0.075	0.25	12			2007	triangle	D	<6
CHBU02000001	AI3GZ	42.4072107	-71.3824374	14	#F59AC3	376	6A	1	0.75	16	3			2007	triangle	H	6-24
COAE02000001	2RLC4	42.4072107	-71.3824374	14	#F59AC3	376	6A	2	1.5	12	3			2007	triangle	H	6-24
CNQT02000001	R34-3168	42.4072107	-71.3824374	14	#F59AC3	376	6A	2.00	0.50	>2.00	>0.50	<=0.50	2.00	2004	square	K	6-24
CNQE02000001	R34-3171	42.4072107	-71.3824374	14	#F59AC3	376	6A	1.00	0.50	>2.00	>0.50	<=0.50	2.00	2004	square	K	24-36
CNQW02000001	R34-3201	42.4072107	-71.3824374	14	#F59AC3	1921	6A	4.00	2.00	>2.00	>0.50	<=0.50	2.00	2004	square	G	6-24
COBR02000001	DH8X5-1	42.4072107	-71.3824374	15	#9DA674	320	19A	3	2	6	>256			2007	triangle	J	6-24
COAJ02000001	06URQ	42.4072107	-71.3824374	15	#9DA674	320	19A	3	2	3	>256			2007	triangle	J	6-24
CFQT02000001	NFPTS	42.4072107	-71.3824374	15	#9DA674	320	19A	3	1.5	12	>256			2007	triangle	J	<6
COBV02000001	1QJAP	42.4072107	-71.3824374	15	#9DA674	320	19A	6	8	3	4			2007	triangle	C	24-36
COFD02000001	9SKOT	42.4072107	-71.3824374	15	#9DA674	320	19A	4	1.5	6	>256			2007	triangle	F	6-24
CNYW02000001	OQTRJ	42.4072107	-71.3824374	15	#9DA674	320	19A	6	6	6	>256			2007	triangle	F	6-24
CNXV02000001	LABTO	42.4072107	-71.3824374	15	#9DA674	320	19A	4	1.5	6	>256			2007	triangle	F	6-24
CNYL02000001	CHP0M	42.4072107	-71.3824374	15	#9DA674	1451	19A	4	2	4	>256			2007	triangle	G	6-24
CNRR02000001	R34-3221	42.4072107	-71.3824374	15	#9DA674	320	19A	>4.00	>2.00	>2.00	>0.50	>4.00	2.00	2004	square	I	36-84
CFQW02000001	105542	42.4072107	-71.3824374	15	#9DA674	1945	19F	2	1	>4/76	<0.03	0.12		2001	circle	P	36-84
CNUA02000001	208866	42.4072107	-71.3824374	15	#9DA674	236	19F	2	0.5	>4/76	0.25	>8		2001	circle	C	6-24
CNUB02000001	209930	42.4072107	-71.3824374	15	#9DA674	236	19F	2	1	>4/76	>1	>8		2001	circle	C	24-36
CHBN02000001	404463	42.4072107	-71.3824374	15	#9DA674	236	19F	4	1	>4/76	>1	>8		2001	circle	C	24-36
CNVP02000001	416185	42.4072107	-71.3824374	15	#9DA674	320	19F	4	2	>4/76	>1	>8		2001	circle	E	6-24
CNPT02000001	503574	42.4072107	-71.3824374	15	#9DA674	320	19F	>4	2	>4/76	>1	>8		2001	circle	L	6-24
COBF02000001	6GU7V	42.4072107	-71.3824374	15	#9DA674	3292	19F	1	0.5	>32	>256			2007	triangle	J	<6
CFRJ02000001	WMK3T	42.4072107	-71.3824374	15	#9DA674	236	19F	3	1.5	6	4			2007	triangle	C	36-84
CNOD02000001	R34-3058	42.4072107	-71.3824374	15	#9DA674	236	19F	2.00	0.50	>2.00	>0.50	>4.00	2.00	2004	square	G	6-24
CHBQ02000001	R34-3085	42.4072107	-71.3824374	15	#9DA674	271	19F	4.00	>2.00	>2.00	>0.50	>4.00	2.00	2004	square	M	36-84
CHBR02000001	R34-3094	42.4072107	-71.3824374	15	#9DA674	236	19F	2.00	1.00	1.00	>0.50	>4.00	2.00	2004	square	H	6-24
CNWH02000001	R34-3098	42.4072107	-71.3824374	15	#9DA674	1941	19F	1.00	<=0.25	>2.00	>0.50	>4.00	2.00	2004	square	H	6-24
CNXS02000001	R34-3141	42.4072107	-71.3824374	15	#9DA674	271	19F	4.00	1.00	>2.00	>0.50	>4.00	2.00	2004	square	L	24-36
CFRK02000001	R34-3142	42.4072107	-71.3824374	15	#9DA674	271	19F	4.00	1.00	>2.00	>0.50	>4.00	4.00	2004	square	L	6-24
CHBG02000001	R34-3200	42.4072107	-71.3824374	15	#9DA674	236	19F	2.00	1.00	1.00	>0.50	>4.00	2.00	2004	square	B	6-24
CHWU02000001	R34-3207	42.4072107	-71.3824374	15	#9DA674	1943	19F	2.00	1.00	0.50	>0.50	>4.00	2.00	2004	square	J	6-24
CNSP02000001	065645	42.4072107	-71.3824374	16	#505050	180	3	<0.03	<0.03	0.25/4	<0.03	0.12		2001	circle	A	36-84
CNSV02000001	072511	42.4072107	-71.3824374	16	#505050	180	3	<0.03	<0.03	<0.06/	<0.03	0.25		2001	circle	I	36-84
CNVG02000001	369820	42.4072107	-71.3824374	16	#505050	180	3	<0.03	<0.03	0.12/2	0.06	0.5		2001	circle	F	24-36
COEV02000001	P213M	42.4072107	-71.3824374	16	#505050	180	3	0.016	0.016	0.125	0.064			2007	triangle	E	6-24
COFU02000001	LDD87	42.4072107	-71.3824374	16	#505050	180	3	0.016	0.023	0.19	0.064			2007	triangle	F	36-84
CNVW02000001	R34-3078	42.4072107	-71.3824374	16	#505050	180	3	<=0.03	<=0.25	<=0.25	<=0.06	<=0.50	<=1.00	2004	square	D	6-24
CFLM02000001	R34-3084	42.4072107	-71.3824374	16	#505050	180	3	<=0.03	<=0.25	<=0.25	<=0.06	<=0.50	<=1.00	2004	square	M	24-36
CNWU02000001	R34-3101	42.4072107	-71.3824374	16	#505050	180	3	<=0.03	<=0.25	<=0.25	<=0.06	<=0.50	<=1.00	2004	square	I	6-24
CNRJ02000001	R34-3190	42.4072107	-71.3824374	16	#505050	180	3	<=0.03	<=0.25	<=0.25	<=0.06	<=0.50	2.00	2004	square	F	36-84
CNRH02000001	R34-3202	42.4072107	-71.3824374	16	#505050	180	3	<=0.03	<=0.25	<=0.25	<=0.06	<=0.50	<=1.00	2004	square	L	6-24
CNRP02000001	R34-3217	42.4072107	-71.3824374	16	#505050	180	3	<=0.03	<=0.25	<=0.25	<=0.06	<=0.50	<=1.00	2004	square	G	24-36
CNTO02000001	142534	42.4072107	-71.3824374	16	#505050	124	14	<0.03	<0.03	0.25/4	<0.03	0.25		2001	circle	E	36-84
CNVB02000001	268660	42.4072107	-71.3824374	16	#505050	124	14	<0.03	<0.03	0.25/4	0.06	0.25		2001	circle	E	36-84
CNUV02000001	306435	42.4072107	-71.3824374	16	#505050	124	14	<0.03	<0.03	0.25/4	<0.03	0.12		2001	circle	L	36-84
CNVR02000001	341365	42.4072107	-71.3824374	16	#505050	124	14	<0.03	<0.03	0.25/4	<0.03	0.25		2001	circle	D	<6
CIIR02000001	430772	42.4072107	-71.3824374	16	#505050	124	14	<0.03	<0.03	0.25/4	<0.03	0.25		2001	circle	P	36-84
CNSD02000001	R34-3230	42.4072107	-71.3824374	16	#505050	124	14	0.06	<=0.25	<=0.25	<=0.06	<=0.50	2.00	2004	square	I	6-24
CNSU02000001	R34-3231	42.4072107	-71.3824374	16	#505050	124	14	0.06	<=0.25	<=0.25	<=0.06	<=0.50	2.00	2004	square	I	24-36
COCU02000001	VODW3	42.4072107	-71.3824374	16	#505050	432	21	0.023	0.023	0.064	0.047			2007	triangle	I	6-24
COBA02000001	E0ZKK	42.4072107	-71.3824374	16	#505050	568	31	0.023	0.023	0.75	0.064			2007	triangle	J	36-84
CODH02000001	N8YA4	42.4072107	-71.3824374	16	#505050	568	31	0.032	0.023	0.125	0.094			2007	triangle	D	24-36
COAC02000001	YSOFP	42.4072107	-71.3824374	16	#505050	568	31	0.023	0.023	0.19	0.047			2007	triangle	H	6-24
CNNK02000001	R34-3033	42.4072107	-71.3824374	16	#505050	568	31	<=0.03	<=0.25	<=0.25	<=0.06	<=0.50	2.00	2004	square	J	6-24
CNQA02000001	438180	42.4072107	-71.3824374	16	#505050	547	34	<0.03	<0.03	0.12/2	<0.03	0.25		2001	circle	G	24-36
COAP02000001	NA03L	42.4072107	-71.3824374	16	#505050	547	34	0.023	0.023	0.19	0.064			2007	triangle	J	36-84
COBK02000001	DR1PD	42.4072107	-71.3824374	16	#505050	547	34	0.016	0.016	0.094	0.064			2007	triangle	J	36-84
CNNV02000001	R34-3048	42.4072107	-71.3824374	16	#505050	547	34	<=0.03	<=0.25	<=0.25	<=0.06	<=0.50	2.00	2004	square	O	6-24
CNWK02000001	R34-3115	42.4072107	-71.3824374	16	#505050	547	34	<=0.03	<=0.25	<=0.25	<=0.06	<=0.50	2.00	2004	square	L	24-36
CNQH02000001	R34-3176	42.4072107	-71.3824374	16	#505050	1902	34	<=0.03	<=0.25	<=0.25	<=0.06	<=0.50	2.00	2004	square	M	24-36
CNUY02000001	304793	42.4072107	-71.3824374	16	#505050	447	37	<0.03	<0.03	0.12/2	<0.03	0.25		2001	circle	J	36-84
CODT02000001	F5UY4	42.4072107	-71.3824374	16	#505050	447	37	0.023	0.016	0.094	0.032			2007	triangle	D	6-24
CNTR02000001	147587	42.4072107	-71.3824374	16	#505050	393	38	0.06	<0.03	0.25/4	<0.03	0.25		2001	circle	F	6-24
COAO02000001	HU4AA	42.4072107	-71.3824374	16	#505050	393	38	0.016	<.016	0.094	0.016			2007	triangle	J	6-24
CFRF02000001	8PNF1	42.4072107	-71.3824374	16	#505050	393	38	0.016	0.023	0.19	0.064			2007	triangle	J	36-84
COEC02000001	J29X8	42.4072107	-71.3824374	16	#505050	393	38	0.016	0.016	0.125	0.064			2007	triangle	I	6-24
COFC02000001	K8121	42.4072107	-71.3824374	16	#505050	393	38	0.023	0.032	0.19	0.094			2007	triangle	F	36-84
CNNN02000001	R34-3046	42.4072107	-71.3824374	16	#505050	393	38	<=0.03	<=0.25	<=0.25	<=0.06	<=0.50	<=1.00	2004	square	F	6-24
CNOJ02000001	R34-3065	42.4072107	-71.3824374	16	#505050	393	38	0.25	<=0.25	<=0.25	<=0.06	<=0.50	2.00	2004	square	G	24-36
CNXC02000001	R34-3146	42.4072107	-71.3824374	16	#505050	393	38	<=0.03	<=0.25	<=0.25	<=0.06	<=0.50	2.00	2004	square	C	6-24
CNUQ02000001	277394	42.4072107	-71.3824374	16	#505050	SLV1934	11A	0.06	<0.03	0.25/4	<0.03	>8		2001	circle	D	24-36
CNUP02000001	333793	42.4072107	-71.3824374	16	#505050	817	15A	<0.03	<0.03	0.12/2	<0.03	0.25		2001	circle	E	6-24
CNYA02000001	18FDW	42.4072107	-71.3824374	16	#505050	346	15B/C	0.38	0.25	0.125	0.064			2007	triangle	G	24-36
COAQ02000001	X703J	42.4072107	-71.3824374	16	#505050	995	16F	0.016	0.016	0.125	0.047			2007	triangle	J	6-24
COET02000001	2W7ME	42.4072107	-71.3824374	16	#505050	570	16F	0.016	0.023	0.064	0.064			2007	triangle	E	6-24
COEX02000001	SHTPB	42.4072107	-71.3824374	16	#505050	659	16F	0.023	0.023	0.094	0.094			2007	triangle	E	36-84
CNYJ02000001	M66VO	42.4072107	-71.3824374	16	#505050	1840	16F	0.032	0.047	0.19	0.094			2007	triangle	G	36-84
CNZD02000001	2Y1CQ	42.4072107	-71.3824374	16	#505050	659	16F	<.016	<.016	0.125	0.064			2007	triangle	G	24-36
CNZM02000001	RD7KX	42.4072107	-71.3824374	16	#505050	659	16F	0.023	0.023	0.064	0.064			2007	triangle	H	36-84
CNZY02000001	BA5TC	42.4072107	-71.3824374	16	#505050	659	16F	0.016	0.016	0.125	0.032			2007	triangle	H	36-84
CNOH02000001	R34-3062	42.4072107	-71.3824374	16	#505050	659	16F	0.06	<=0.25	<=0.25	<=0.06	<=0.50	<=1.00	2004	square	P	36-84
CHBP02000001	GWTK7	42.4072107	-71.3824374	16	#505050	392	17F	0.023	0.023	0.19	0.125			2007	triangle	F	24-36
CFRB02000001	9LUM5	42.4072107	-71.3824374	16	#505050	2355	17F	0.125	0.125	0.5	0.094			2007	triangle	G	36-84
CNYS02000001	3XUC4	42.4072107	-71.3824374	16	#505050	392	17F	0.023	0.023	0.125	0.064			2007	triangle	G	6-24
CIEC02000001	E3GXY	42.4072107	-71.3824374	16	#505050	392	17F	<.016	0.016	0.125	0.047			2007	triangle	H	24-36
CNOE02000001	R34-3056	42.4072107	-71.3824374	16	#505050	1924	17F	<=0.03	<=0.25	<=0.25	<=0.06	<=0.50	<=1.00	2004	square	G	<6
CNSF02000001	040241	42.4072107	-71.3824374	16	#505050	1923	18C	<0.03	<0.03	0.5/9.	<0.03	0.25		2001	circle	A	6-24
CHBK02000001	303656	42.4072107	-71.3824374	16	#505050	496	18C	<0.03	<0.03	0.25/4	<0.03	0.12		2001	circle	J	24-36
CNOG02000001	R34-3059	42.4072107	-71.3824374	16	#505050	1073	18C	<=0.03	<=0.25	<=0.25	<=0.06	<=0.50	<=1.00	2004	square	G	36-84
CNWR02000001	R34-3102	42.4072107	-71.3824374	16	#505050	496	18C	0.12	<=0.25	>2.00	>0.50	<=0.50	2.00	2004	square	H	36-84
CHWS02000001	R34-3196	42.4072107	-71.3824374	16	#505050	113	18C	<=0.03	<=0.25	0.50	<=0.06	<=0.50	<=1.00	2004	square	C	6-24
COBH02000001	26IET	42.4072107	-71.3824374	16	#505050	SLV695	19A	0.094	0.094	0.19	0.094			2007	triangle	J	36-84
COBN02000001	FRIZ4	42.4072107	-71.3824374	16	#505050	SLV695	19A	0.094	0.094	0.19	0.064			2007	triangle	J	6-24
COBZ02000001	X71H5	42.4072107	-71.3824374	16	#505050	SLV695	19A	0.064	0.094	0.125	0.064			2007	triangle	C	6-24
COCB02000001	7NA98	42.4072107	-71.3824374	16	#505050	415	19A	0.016	0.023	0.094	0.047			2007	triangle	C	36-84
COCR02000001	Y6BSG	42.4072107	-71.3824374	16	#505050	SLV695	19A	0.094	0.125	0.25	0.094			2007	triangle	I	36-84
CODN02000001	3UTO8	42.4072107	-71.3824374	16	#505050	SLV695	19A	0.094	0.094	0.125	0.094			2007	triangle	D	24-36
CODL02000001	6U8ZJ	42.4072107	-71.3824374	16	#505050	SLV695	19A	0.032	0.023	0.19	0.094			2007	triangle	D	6-24
COFP02000001	3GWV1	42.4072107	-71.3824374	16	#505050	SLV695	19A	0.094	0.064	0.38	0.094			2007	triangle	F	6-24
COFY02000001	MFII0	42.4072107	-71.3824374	16	#505050	SLV695	19A	0.094	0.064	0.25	0.094			2007	triangle	F	36-84
CNNS02000001	R34-3037	42.4072107	-71.3824374	16	#505050	1944	19A	2.00	2.00	0.50	>0.50	<=0.50	2.00	2004	square	J	6-24
CFQP02000001	R34-3183	42.4072107	-71.3824374	16	#505050	276	19A	2.00	0.50	1.00	>0.50	>4.00	2.00	2004	square	B	24-36
CNSS02000001	027999	42.4072107	-71.3824374	16	#505050	1340	19F	0.06	<0.03	0.12/2	<0.03	0.12		2001	circle	E	36-84
CNTY02000001	209464	42.4072107	-71.3824374	16	#505050	425	19F	<0.03	<0.03	0.25/4	<0.03	0.25		2001	circle	P	36-84
CNUL02000001	284968	42.4072107	-71.3824374	16	#505050	425	19F	0.06	<0.03	0.25/4	<0.03	0.25		2001	circle	N	24-36
CFQS02000001	439699	42.4072107	-71.3824374	16	#505050	654	19F	<0.03	<0.03	0.25/4	<0.03	0.25		2001	circle	O	6-24
COAT02000001	DALR8	42.4072107	-71.3824374	16	#505050	426	19F	0.032	0.19	0.125	0.047			2007	triangle	J	36-84
COAW02000001	SQADW	42.4072107	-71.3824374	16	#505050	654	19F	0.023	0.023	0.19	0.094			2007	triangle	J	6-24
COCL02000001	QIKYS	42.4072107	-71.3824374	16	#505050	43	19F	0.016	0.023	0.19	0.064			2007	triangle	C	24-36
CXOE01000001	Q0413	42.4072107	-71.3824374	16	#505050	43	19F	0.19	0.19	12	>256			2007	triangle	C	36-84
COFM02000001	TJRUQ	42.4072107	-71.3824374	16	#505050	43	19F	0.023	0.016	0.19	0.064			2007	triangle	F	6-24
CNOX02000001	R34-3028	42.4072107	-71.3824374	16	#505050	425	19F	<=0.03	<=0.25	<=0.25	<=0.06	<=0.50	2.00	2004	square	I	36-84
CNNR02000001	R34-3043	42.4072107	-71.3824374	16	#505050	654	19F	<=0.03	<=0.25	<=0.25	<=0.06	<=0.50	2.00	2004	square	F	36-84
CHIN02000001	R34-3070	42.4072107	-71.3824374	16	#505050	654	19F	2.00	<=0.25	<=0.25	<=0.06	<=0.50	2.00	2004	square	F	36-84
CNWZ02000001	R34-3113	42.4072107	-71.3824374	16	#505050	43	19F	<=0.03	<=0.25	<=0.25	<=0.06	<=0.50	2.00	2004	square	L	24-36
CFIQ02000001	R34-3137	42.4072107	-71.3824374	16	#505050	425	19F	>4.00	<=0.25	<=0.25	<=0.06	<=0.50	<=1.00	2004	square	P	6-24
CNQY02000001	R34-3193	42.4072107	-71.3824374	16	#505050	1903	19F	<=0.03	<=0.25	<=0.25	<=0.06	<=0.50	2.00	2004	square	C	24-36
CNQZ02000001	R34-3198	42.4072107	-71.3824374	16	#505050	425	19F	<=0.03	<=0.25	<=0.25	<=0.06	<=0.50	2.00	2004	square	P	36-84
CNRV02000001	R34-3224	42.4072107	-71.3824374	16	#505050	425	19F	0.06	<=0.25	<=0.25	<=0.06	<=0.50	2.00	2004	square	P	24-36
CNSJ02000001	044744	42.4072107	-71.3824374	16	#505050	242	23F	2	0.25	0.12/2	>1	>8		2001	circle	H	6-24
CNTS02000001	173015	42.4072107	-71.3824374	16	#505050	81	23F	4	2	4/76	1	>8		2001	circle	K	6-24
CNUC02000001	218229	42.4072107	-71.3824374	16	#505050	81	23F	>4	2	>4/76	>1	>8		2001	circle	K	6-24
CNVF02000001	334847	42.4072107	-71.3824374	16	#505050	81	23F	>4	>2	>4/76	>1	>8		2001	circle	P	6-24
CNTF02000001	144370	42.4072107	-71.3824374	16	#505050	393	38	<0.03	<0.03	0.25/4	<0.03	0.25		2001	circle	F	36-84
COEZ02000001	OZJ9F	42.4072107	-71.3824374	16	#505050	2705	33F	0.023	0.023	1	2			2007	triangle	E	36-84
CIEE02000001	187406	42.4072107	-71.3824374	16	#505050	100	33F	<0.03	<0.03	0.12/2	<0.03	0.25		2001	circle	O	36-84
CNYQ02000001	ZPN7P	42.4072107	-71.3824374	16	#505050	2705	33F	0.023	0.023	1.5	4			2007	triangle	G	<6
CNWQ02000001	R34-3121	42.4072107	-71.3824374	16	#505050	100	33F	<=0.03	<=0.25	<=0.25	<=0.06	<=0.50	2.00	2004	square	G	36-84
CNQD02000001	R34-3173	42.4072107	-71.3824374	16	#505050	100	33F	<=0.03	<=0.25	1.00	<=0.06	<=0.50	2.00	2004	square	E	24-36
CNPM02000001	R34-3023	42.4072107	-71.3824374	16	#505050	452	35B	<=0.03	<=0.25	<=0.25	<=0.06	<=0.50	2.00	2004	square	I	36-84
CVKI02000001	R34-3122	42.4072107	-71.3824374	16	#505050	452	35B	<=0.03	<=0.25	<=0.25	<=0.06	<=0.50	2.00	2004	square	G	6-24
CNRT02000001	R34-3223	42.4072107	-71.3824374	16	#505050	452	35B	<=0.03	<=0.25	<=0.25	<=0.06	<=0.50	2.00	2004	square	I	36-84
CNSQ02000001	110093	42.4072107	-71.3824374	16	#505050	1939	6A	<0.03	<0.03	0.25/4	<0.03	0.25		2001	circle	K	6-24
CNPC02000001	R34-3026	42.4072107	-71.3824374	16	#505050	242	6A	1.00	1.00	0.50	>0.50	>4.00	2.00	2004	square	I	24-36
CNTD02000001	018044	42.4072107	-71.3824374	16	#505050	1518	6B	4	1	2/38	>1	0.5		2001	circle	F	<6
CNUM02000001	160986	42.4072107	-71.3824374	16	#505050	1536	6B	2	>2	>4/76	0.06	1		2001	circle	F	6-24
CNUW02000001	302649	42.4072107	-71.3824374	16	#505050	146	6B	<0.03	<0.03	2/38	>1	0.5		2001	circle	J	36-84
CFQU02000001	323485	42.4072107	-71.3824374	16	#505050	146	6B	<0.03	<0.03	0.25/4	<0.03	0.5		2001	circle	P	36-84
CNVK02000001	388483	42.4072107	-71.3824374	16	#505050	146	6B	0.25	0.5	>4/76	>1	0.25		2001	circle	H	36-84
CNVN02000001	397079	42.4072107	-71.3824374	16	#505050	315	6B	0.25	0.06	0.5/9.	>1	>8		2001	circle	J	36-84
CNPY02000001	436154	42.4072107	-71.3824374	16	#505050	1954	6B	1	0.5	0.25/4	<0.03	0.12		2001	circle	P	6-24
CHBE02000001	R34-3038	42.4072107	-71.3824374	16	#505050	1930	6B	<=0.03	<=0.25	>2.00	<=0.06	<=0.50	2.00	2004	square	J	6-24
COAS02000001	EKR1O	42.4072107	-71.3824374	16	#505050	1692	6C	0.023	0.023	0.19	0.064			2007	triangle	J	24-36
COBJ02000001	WG60C	42.4072107	-71.3824374	16	#505050	3288	NT	0.023	0.023	0.25	0.094			2007	triangle	C	<6
COFE02000001	P0N8K	42.4072107	-71.3824374	16	#505050	1692	6C	0.023	0.023	0.19	0.094			2007	triangle	F	6-24
CNXY02000001	6JT2I	42.4072107	-71.3824374	16	#505050	547	6C	0.023	0.023	0.125	0.094			2007	triangle	F	6-24
CNWO02000001	R34-3086	42.4072107	-71.3824374	16	#505050	547	6C	<=0.03	<=0.25	<=0.25	<=0.06	<=0.50	2.00	2004	square	M	6-24
COAV02000001	2VBTK	42.4072107	-71.3824374	16	#505050	3284	7C	0.023	0.023	0.19	0.032			2007	triangle	J	24-36
COFA02000001	W9G4K	42.4072107	-71.3824374	16	#505050	1797	7C	<0.016	0.023	0.19	0.094			2007	triangle	F	24-36
COBG02000001	U3EO1	42.4072107	-71.3824374	16	#505050	1176	7F	0.023	0.032	0.19	0.047			2007	triangle	J	36-84
CNTM02000001	132571	42.4072107	-71.3824374	16	#505050	405	9N	<0.03	<0.03	0.25/4	<0.03	0.25		2001	circle	N	6-24
CNPZ02000001	436915	42.4072107	-71.3824374	16	#505050	66	9N	<0.03	<0.03	0.12/2	<0.03	0.25		2001	circle	N	36-84
COEF02000001	GJ6MQ	42.4072107	-71.3824374	16	#505050	66	9N	0.023	0.023	0.19	0.064			2007	triangle	E	24-36
CFJW02000001	14YE5	42.4072107	-71.3824374	16	#505050	405	9N	0.023	0.032	0.19	0.094			2007	triangle	F	6-24
COCP02000001	34YLE	42.4072107	-71.3824374	16	#505050	3288	NT	0.047	0.064	0.75	1.5			2007	triangle	I	36-84
CNWW02000001	R34-3108	42.4072107	-71.3824374	16	#505050	2011	NT	2.00	1.00	<=0.25	<=0.06	<=0.50	2.00	2004	square	G	6-24
